,ObjName,Redshift,DM15,DM15err,Subtype,EBV,EBVhost,EBVmw,pivot,slope,EBVhostNew,EBVPaper1,Source1,EBVPaper2,Source2,EBVPaper3,Source3,EBVmwSFD,maxBV,EBVfinal
0,SN2000cw,0.0301,1.22,0.04,Ia-norm,0.0613,0.0,0.0613,1.3,1.1,0.057847327334285326,0.11,Jiawen,,,,,0.0720212310552597,-0.02779651087917756,0.11
1,SN2006gr,0.034597,0.81,0.07,Ia-norm,0.0727,0.265,0.0,1.2,0.7,0.1226369433043249,0.06,http://researchonline.ljmu.ac.uk/id/eprint/5454/1/2017ashallphd.pdf,,,,,0.08510959893465042,0.06915733868040519,0.06
2,SN1999dq,0.014327,0.86,0.04,Ia-99aa-like,0.0936,0.29,0.0,1.0,1.3,0.1457858565337073,0.11,http://researchonline.ljmu.ac.uk/id/eprint/5454/1/2017ashallphd.pdf,,,,,0.10911283642053604,0.10903584823073942,0.11
3,SN2004gs,0.027425,1.41,0.11,Ia-norm,0.0257,0.0,0.0257,1.0,1.2,0.2384152209525014,0.223,https://iopscience.iop.org/article/10.1088/0004-637X/704/2/1036,0.189,https://iopscience.iop.org/article/10.3847/1538-4357/ab2a16/pdf,,,0.030787341296672818,0.134034204734661,0.223
4,SN2001cp,0.022402,0.88,0.03,Ia-norm,0.1332,0.0,0.1332,0.9,1.5,0.05900314951428781,0.05,http://researchonline.ljmu.ac.uk/id/eprint/5454/1/2017ashallphd.pdf,,,,,0.15656359493732452,0.06717920607980332,0.05
5,SN2008bq,0.034007,1.001306446,0.07400000000000001,Ia-norm,0.0774,0.0,0.0774,1.9,0.7,0.17641902632292233,0.136,https://iopscience.iop.org/article/10.1088/0004-637X/789/1/32/pdf,,,,,0.09042380005121232,0.10785337943183038,0.136
6,SN2005A,0.0191,1.11,0.05,Ia-norm,0.0259,0.0,0.0259,1.5,1.1,,1.129,https://iopscience.iop.org/article/10.1088/0004-637X/789/1/32/pdf,1.04,https://academic.oup.com/mnras/article/479/3/3663/5040246,,,0.03019067086279392,,1.129
7,SN1998dh,0.008969,1.17,0.06,Ia-norm,0.058,0.218,0.0,1.3,1.1,0.3484868666531673,0.12,Jiawen,,,,,0.0673028975725174,0.2555033706555605,0.12
8,SN2006qo,0.030455,0.997807701,0.07,Ia-norm,0.0324,0.0,0.0324,,,,,,,,,,0.03946029394865036,,0.0
9,SN2006N,0.014277,1.5,0.03,Ia-norm,0.0826,0.18,0.0,1.5,1.0,0.11399772858311845,0.0,https://iopscience.iop.org/article/10.3847/1538-4357/ab2a16/pdf,,,,,0.09600968658924104,0.09242350384842268,0.0
10,SN2001en,0.015871,1.12,0.07,Ia-norm,0.0464,0.14,0.0,,,0.20277213801137844,,,,,,,0.053937695920467384,0.09517655569856487,0.20277213801137844
11,SN2001cj,0.024233,0.96,0.03,Ia-norm,0.012,0.0,0.012,1.1,1.1,0.0803761142574565,,,,,,,0.014069546945393084,-0.06184193541028904,0.0803761142574565
12,SN2007cq,0.0262,1.2,0.06,Ia-norm,0.0922,0.1,0.0,1.1,1.1,0.20978635638241322,0.051,https://iopscience.iop.org/article/10.3847/1538-4357/ab2a16/pdf,,,,,0.10871991515159607,0.15962773692095666,0.051
13,SN2006gj,0.028293,1.48,0.05,Ia-norm,0.0705,0.0,0.0705,1.9,0.7,0.3461929882480916,0.246,https://iopscience.iop.org/article/10.1088/0004-637X/789/1/32/pdf,0.33,https://academic.oup.com/mnras/article/479/3/3663/5040246,,,0.08425381034612656,0.3085703158716022,0.33
14,SN1999ee,0.011415,0.958118821,0.07,Ia-91T,0.0172,0.0,0.0172,1.9,0.7,0.1457619748361163,0.384,https://iopscience.iop.org/article/10.3847/1538-4357/ab2a16/pdf,0.31,https://academic.oup.com/mnras/article/479/3/3663/5040246,,,0.02006444521248341,0.00968420119130542,0.31
15,SN1980N,0.005871,1.131570526,0.07400000000000001,Ia-norm,0.018000000000000002,0.0,0.018000000000000002,,,,,,,,,,0.02089267037808895,,0.0
16,SN2007ap,0.015818000000000002,1.37,0.09,Ia-norm,0.0276,0.0,0.0276,1.2,1.1,0.12330725299072892,,,,,,,0.032576218247413635,0.014329460699968877,0.12330725299072892
17,SN1997E,0.013539,1.4,0.04,Ia-norm,0.1101,0.2,0.0,,,0.10641423477115458,,,,,,,0.1273932009935379,0.09696018660965322,0.10641423477115458
18,SN2006nz,0.044351,1.7723828430000002,0.07,Ia-norm,0.0345,0.0,0.0345,,,0.0,,,,,,,0.039920967072248466,0.7952136104401895,0.0
19,SN2006D,0.0086,1.35,0.05,Ia-norm,0.0394,0.0,0.0394,0.4,1.8,0.09638544340487437,0.062,https://iopscience.iop.org/article/10.3847/1538-4357/ab2a16/pdf,0.134,https://academic.oup.com/mnras/article/480/2/1445/5056728,,,0.04569796472787857,-0.0023335189627822217,0.062
20,SN2003ch,0.02862,1.22,0.07,Ia-norm,0.0609,0.16,0.0,1.1,1.2,0.12240006832605366,,,,,,,0.07017618417739868,0.03491118323472975,0.12240006832605366
21,SN1998bp,0.010431,1.79,0.05,Ia-91bg,0.0667,0.087,0.0,1.1,1.7,,,,,,,,0.07806684821844101,,0.0
22,SN1998ec,0.0199,1.08,0.09,Ia-norm,0.07200000000000001,0.0,0.07200000000000001,1.2,1.1,0.2841020799650098,,,,,,,0.08450161665678024,0.20706247709212988,0.2841020799650098
23,SN2001ba,0.029557,1.033528737,0.07,Ia-norm,0.0537,0.0,0.0537,1.1,0.9,,0.0,https://iopscience.iop.org/article/10.3847/1538-4357/ab2a16/pdf,,,,,0.06383480876684189,,0.0
24,SN2007bc,0.0208,1.37,0.05,Ia-norm,0.0186,0.0,0.0186,1.3,1.1,0.0727970128222864,0.039,https://iopscience.iop.org/article/10.3847/1538-4357/ab2a16/pdf,0.207,https://iopscience.iop.org/article/10.1088/0004-637X/789/1/32/pdf,,,0.021650958806276318,-0.04710603890961096,0.039
25,SN2012dn,0.010187,1.08,0.0,Ia-supCh,0.0519,0.0,0.0519,0.3,0.9,,0.12,https://academic.oup.com/mnras/article/443/2/1663/2908019,,,,,0.06072475761175156,,0.12
26,SN2001el,0.003896,1.051452536,0.07400000000000001,Ia-norm,0.0121,0.0,0.0121,1.2,1.1,0.2407267781246557,0.277,https://iopscience.iop.org/article/10.3847/1538-4357/ab2a16/pdf,,,,,0.014207784086465837,0.09392556102561045,0.277
27,SN1995al,0.00514,0.87,0.04,Ia-norm,0.0117,0.0,0.0117,0.9,1.3,0.24352863340758102,,,,,,,0.013506132178008556,0.10988209062113086,0.24352863340758102
28,SN2006lu,0.0481889,1.045460582,0.07400000000000001,Ia-norm,0.0986,0.18,0.0,0.3,0.5,,0.028,https://iopscience.iop.org/article/10.1088/0004-637X/789/1/32/pdf,,,,,0.1154208406805992,,0.028
29,SN1997bq,0.009346,1.14,0.06,Ia-norm,0.0231,0.0,0.0231,1.3,1.1,0.3111364762116895,,,,,,,0.025019939988851547,0.1749569619431135,0.3111364762116895
30,SN2000cn,0.023493,1.51,0.08,Ia-norm,0.048,0.18,0.0,0.5,1.3,0.05673400751924478,0.17,Jiawen,,,,,0.05700748041272164,-0.0016136537528588235,0.17
31,SN2002kf,0.0193,1.2,0.07,Ia-norm,0.0994,0.136,0.0,,,0.1390698187926494,0.117,https://academic.oup.com/mnras/article/425/3/1789/979673,,,,,0.11659286916255952,0.09678415334215629,0.117
32,SN2005hc,0.04594,1.03,0.04,Ia-norm,0.028,0.04,0.0,1.2,1.1,,0.095,https://iopscience.iop.org/article/10.1088/0004-637X/704/2/1036,0.049,https://iopscience.iop.org/article/10.1088/0004-637X/789/1/32/pdf,,,0.03272206336259842,,0.095
33,SN2001da,0.017195,1.12,0.03,Ia-norm,0.05,0.2,0.0,1.1,1.1,0.2666265343455289,,,,,,,0.05802081152796745,0.1631140676402154,0.2666265343455289
34,SN2007bd,0.030908,1.3,0.08,Ia-norm,0.0289,0.08,0.0,1.9,0.5,0.23322917374763352,0.0,https://iopscience.iop.org/article/10.3847/1538-4357/ab2a16/pdf,0.058,https://iopscience.iop.org/article/10.1088/0004-637X/789/1/32/pdf,,,0.033970531076192856,0.11658770070491542,0.058
35,SN1995ac,0.050055,0.77,0.04,Ia-91T,0.0365,0.0,0.0365,1.4,0.6,,,,,,,,0.04241494461894035,,0.0
36,SN2006cc,0.032529,0.97,0.03,Ia-norm,0.0115,0.0,0.0115,0.7,1.3,0.3585330446997784,0.44,https://academic.oup.com/mnras/article/479/3/3663/5040246,,,,,0.014580915682017803,0.21608621799163785,0.44
37,SN1991S,0.054453,1.031571688,0.07400000000000001,Ia-norm,0.0229,0.0,0.0229,0.8,0.2,0.23374747826491354,,,,,,,0.026989739388227463,0.10036350168685715,0.23374747826491354
38,SN2007if,0.0742,0.71,0.06,Ia-norm,0.0715,0.0,0.0715,1.3,1.0,0.013096489919450616,0.0,https://iopscience.iop.org/article/10.1088/0004-637X/789/1/32/pdf,,,,,0.08258921653032303,-0.024233908337134125,0.0
39,SN1996C,0.027000000000000003,0.93,0.06,Ia-norm,0.0115,0.0,0.0115,0.7,1.3,,,,,,,,0.01404274720698595,,0.0
40,SN2010ev,0.0092,1.12,0.0,Ia-norm,0.0892,0.0,0.0892,1.2,1.1,0.3503565225166578,0.32,https://www.aanda.org/articles/aa/pdf/2016/06/aa27228-15.pdf,0.28,https://academic.oup.com/mnras/article/479/3/3663/5040246,,,0.1037026196718216,0.2925258639551984,0.32
41,SN1994S,0.015177,0.94,0.06,Ia-norm,0.0182,0.2,0.0,1.1,1.2,0.145021223379384,,,,,,,0.02102755382657051,0.01140638196600463,0.145021223379384
42,SN1997cn,0.016194999999999998,1.9,0.05,Ia-91bg,0.0229,0.037000000000000005,0.0,1.6,0.9,,0.0,https://arxiv.org/pdf/astro-ph/9808013.pdf,,,,,0.02675123512744904,,0.0
43,SN2015F,0.00489,1.26,0.1,Ia-norm,0.1749,0.04,0.179,1.9,1.7,0.06598325997131246,0.035,https://academic.oup.com/mnras/article/464/4/4476/2417406,,,,,0.20320390164852145,0.11460877843715878,0.035
44,SN2006bq,0.021905,1.29,0.06,Ia-norm,0.0507,0.18,0.0,1.1,1.1,0.20761046895159663,,,,,,,0.059152856469154365,0.11507725406484681,0.20761046895159663
45,SN2012cg,0.00146,1.039,0.0,Ia-norm,0.0179,0.18,0.018000000000000002,,,0.27281937336996975,0.18,https://arxiv.org/pdf/1507.07261.pdf,,,,,0.02066553570330143,0.132848398763457,0.18
46,SN2001ic,0.044237,1.236482598,0.07400000000000001,Ia-norm,0.0591,0.2,0.0,0.2,0.0,,,,,,,,0.06814991682767868,,0.0
47,SN2007ci,0.018126,1.6,0.05,Ia-norm,0.0224,0.066,0.0,1.1,1.5,-0.012141115037240413,,,,,,,0.025818677619099617,-0.07914406964624376,-0.012141115037240413
48,SN1991M,0.007234999999999998,1.22157571,0.07400000000000001,Ia-norm,0.0327,0.0,0.0327,1.6,0.9,0.222960280315102,,,,,,,0.03789515793323517,0.10329531810261727,0.222960280315102
49,SN1996Z,0.007575,1.22,0.1,Ia-norm,0.0547,0.0,0.0547,,,,,,,,,,0.06348617374897003,,0.0
50,SN2006or,0.021013,1.062676017,0.07400000000000001,Ia-norm,0.0255,0.12,0.0,1.7,1.3,0.7677280522874737,,,,,,,0.036036260426044464,0.6424926247632676,0.7677280522874737
51,SN2009dc,0.021391,0.72,0.0,Ia-supCh,0.0597,0.0,0.0597,,,0.0013771835216056516,,,,,,,0.06995665282011032,-0.050700068182518265,0.0013771835216056516
52,SN2007F,0.023591,0.96,0.03,Ia-norm,0.0145,0.046,0.0,1.3,1.0,0.09417903693133878,,,,,,,0.0173605065792799,-0.04474805310251995,0.09417903693133878
53,SN1989B,0.002425,1.114693888,0.07400000000000001,Ia-norm,0.0284,0.0,0.0284,1.2,1.1,0.09351618647493132,0.39,https://academic.oup.com/mnras/article/479/3/3663/5040246,,,,,0.03320001810789108,-0.03486872896191784,0.39
54,SN2006eq,0.049509,1.62,0.05,Ia-norm,0.0416,0.0,0.0416,1.5,1.1,,0.11,https://iopscience.iop.org/article/10.1088/0004-637X/789/1/32/pdf,,,,,0.04795413836836815,,0.11
55,SN2009ig,0.00877,0.89,0.0,Ia-norm,0.0269,0.0,0.029,1.2,0.7,0.18208133753042172,0.003,https://arxiv.org/pdf/1109.0987.pdf,,,,,0.032241035252809525,0.06475493819607436,0.003
56,SN2004gu,0.045859,0.940148299,0.07400000000000001,Ia-norm,0.0223,0.0,0.0223,1.2,1.7,0.24389485419178997,0.253,https://iopscience.iop.org/article/10.1088/0004-637X/704/2/1036,0.096,https://iopscience.iop.org/article/10.1088/0004-637X/789/1/32/pdf,,,0.026546334847807884,0.11578578556492403,0.253
57,SN2006bz,0.027906,2.09,0.16,Ia-91bg,0.0086,0.0,0.0086,1.9,1.1,,,,,,,,0.010257788002490996,,0.0
58,SN2009Y,0.009353,1.21,0.0,Ia-norm,0.1016,0.0,0.1016,1.5,0.3,0.2549453154899342,0.16899999999999998,https://iopscience.iop.org/article/10.3847/1538-4357/ab2a16/pdf,,,,,0.1016194298863411,0.19826545392582773,0.16899999999999998
59,SN1994Q,0.029564,1.03,0.1,Ia-norm,0.0145,0.0,0.0,1.9,0.5,0.14309004836313144,,,,,,,0.017404705286026,0.00018052790996847534,0.14309004836313144
60,SN2006fw,0.0835,1.287744372,0.07400000000000001,Ia-norm,0.028,0.0,0.028,0.8,0.1,0.3282191228143437,0.262,https://iopscience.iop.org/article/10.1088/0004-637X/789/1/32/pdf,,,,,0.03268837556242943,0.2089867570544648,0.262
61,SN1996bv,0.016672,0.92,0.08,Ia-norm,0.0895,0.0,0.0895,,,,,,,,,,0.10510187596082687,,0.0
62,SN2003D,0.022109,1.7723828430000002,0.07,Ia-norm,0.05,0.0,0.05,1.0,1.1,0.0,,,,,,,0.0652281641960144,0.10987457265960288,0.0
63,SN2002bz,0.037152,1.310568878,0.066,Ia-norm,0.0167,0.0,0.0,1.5,1.0,,,,,,,,0.01889006420969963,,0.0
64,SN2006cs,0.023676,1.93525798,0.07400000000000001,Ia-91bg,0.01,0.0,0.01,1.7,1.1,,,,,,,,0.011841681785881521,,0.0
65,SN1999ac,0.0095,1.23,0.03,Ia-norm,0.0385,0.18600000000000005,0.0,1.2,0.8,0.134473814576822,0.06,Jiawen,,,,,0.045991137623786926,0.02348908449112841,0.06
66,SN2006et,0.022639,1.02,0.05,Ia-norm,0.0165,0.16,0.0,1.6,0.6,0.3104376947742122,0.254,https://iopscience.iop.org/article/10.1088/0004-637X/789/1/32/pdf,0.254,https://academic.oup.com/mnras/article/480/2/1445/5056728,,,0.01916754618287086,0.16970133311347269,0.254
67,SN2002cu,0.023323,1.35,0.03,Ia-norm,0.0535,0.0,0.0535,0.6,1.3,,,,,,,,0.06259266287088394,,0.0
68,SN2002hd,0.030835,1.16,0.11,Ia-norm,0.0321,0.0,0.0321,1.2,1.0,0.014296154860193144,,,,,,,0.03801960125565529,-0.10832996812437656,0.014296154860193144
69,SN2002hu,0.03,1.05,0.03,Ia-99aa-like,0.0382,0.0,0.0382,1.8,0.5,0.06331036604827106,0.02,https://academic.oup.com/mnras/article/366/2/682/1217567,,,,,0.04463796317577362,-0.05302161424400964,0.02
70,SN2011fe,0.0008039999999999999,1.108,0.0,Ia-norm,0.0077,0.0,0.008,1.0,1.1,0.33720439476572744,0.0,CoSe,,,,,0.008824802003800869,0.18440117785783627,0.0
71,SN2004fu,0.00921,1.08,0.07,Ia-norm,0.3345,0.0,0.3345,1.9,0.7,0.1805731644092392,,,,,,,0.3882629871368408,0.40729493201641986,0.1805731644092392
72,SN2013dy,0.00389,0.92,0.01,Ia-norm,0.132,0.21,0.135,1.3,0.9,0.21556288784237504,0.206,https://academic.oup.com/mnras/article/452/4/4307/1064490,,,,,0.15340137481689453,0.21618694616205758,0.206
73,SN2007R,0.03088,1.276413461,0.07,Ia-norm,0.0377,0.0,0.0377,,,,,,,,,,0.0467812716960907,,0.0
74,SN2006cz,0.0418,1.034271808,0.07400000000000001,Ia-99aa-like,0.0702,0.0,0.0702,1.9,1.1,0.22640671512946797,,,,,,,0.08315524458885193,0.14908921143570453,0.22640671512946797
75,SN2009F,0.012956,1.867255156,0.07400000000000001,Ia-91bg,0.0895,0.0,0.0895,1.1,0.5,0.0,0.108,https://arxiv.org/pdf/1702.06585.pdf,,,,,0.103982575237751,0.462739405656194,0.108
76,SN2007ca,0.014066,0.89,0.04,Ia-norm,0.0571,0.0,0.0571,1.1,1.1,0.37853945425898966,0.376,https://iopscience.iop.org/article/10.3847/1538-4357/ab2a16/pdf,0.35,https://iopscience.iop.org/article/10.1088/0004-637X/789/1/32/pdf,0.29,https://academic.oup.com/mnras/article/479/3/3663/5040246,0.06683380901813507,0.29580582868996785,0.376
77,SN2006en,0.031938999999999995,1.093740764,0.07,Ia-norm,0.0553,0.2,0.0,1.6,0.9,,,,,,,,0.06427761912345886,,0.0
78,SN2002cf,0.015501,1.78,0.11,Ia-91bg,0.0304,0.0,0.0304,1.1,1.7,0.0,,,,,,,0.03618935868144035,0.3765053975805266,0.0
79,SN2002hw,0.017535,1.44,0.08,Ia-norm,0.0932,0.0,0.0932,1.9,1.9,0.5876122521837346,0.55,https://academic.oup.com/mnras/article/479/3/3663/5040246,,,,,0.1053921803832054,0.563202668530014,0.55
80,SN2006te,0.031592,1.04,0.07,Ia-norm,0.0385,0.0,0.0,1.8,0.6,,,,,,,,0.045248176902532584,,0.0
81,SN2006cf,0.041552,1.08357496,0.07,Ia-norm,0.013,0.0,0.013,1.1,1.1,0.09451623854317892,,,,,,,0.015962650999426842,-0.051097413853359086,0.09451623854317892
82,SN2006bt,0.032156,1.0,0.06,Ia-norm,0.0424,0.301,0.0,1.7,0.5,0.18142664390209656,0.313,https://iopscience.iop.org/article/10.3847/1538-4357/ab2a16/pdf,,,,,0.05006285011768341,0.07257113823763106,0.313
83,SN2007cg,0.033196,1.05,0.1,Ia-norm,0.0686,0.0,0.0686,0.9,1.2,,0.76,https://academic.oup.com/mnras/article/479/3/3663/5040246,,,,,0.08196184784173965,,0.76
84,SN2004fz,0.017312,1.36,0.05,Ia-norm,0.0527,0.0,0.0527,1.7,1.7,0.07876644964470686,,,,,,,0.06134974583983421,-0.002896765529854406,0.07876644964470686
85,SN1996X,0.006945000000000001,1.26,0.04,Ia-norm,0.0596,0.0,0.0596,1.2,1.1,0.056775390826407146,,,,,,,0.06942775845527649,-0.028375233900991503,0.056775390826407146
86,SN2000cf,0.036425,1.16,0.05,Ia-norm,0.0284,0.2,0.0,,,,,,,,,,0.033401060849428184,,0.0
87,SN1992G,0.00529,1.094632894,0.07400000000000001,Ia-norm,0.0168,0.0,0.0168,,,,,,,,,,0.019506573677062992,,0.0
88,SN2006ke,0.017182,1.251421151,0.07400000000000001,Ia-91bg,0.1588,0.0,0.1588,1.6,1.1,,,,,,,,0.1880754232406616,,0.0
89,SN2006eu,0.023586000000000003,1.27,0.06,Ia-norm,0.1671,0.0,0.1671,1.1,1.1,,,,,,,,0.1939333826303482,,0.0
90,SN1992A,0.006261,1.47,0.05,Ia-norm,0.0144,0.027000000000000003,0.0,1.3,1.1,0.3895345469022347,,,,,,,0.01704002544283867,0.2826342871460952,0.3895345469022347
91,SN2007as,0.017572,1.113965382,0.07400000000000001,Ia-norm,0.1229,0.0,0.1229,1.9,0.5,0.16786407346332302,0.138,https://iopscience.iop.org/article/10.3847/1538-4357/ab2a16/pdf,0.05,https://iopscience.iop.org/article/10.1088/0004-637X/789/1/32/pdf,,,0.14242789149284366,0.14870114779797206,0.138
92,SN2005M,0.022,0.87,0.06,Ia-91T,0.0273,0.0,0.0273,1.1,1.1,0.1266874722050444,0.117,https://iopscience.iop.org/article/10.1088/0004-637X/704/2/1036,0.06,https://academic.oup.com/mnras/article/480/2/1445/5056728,,,0.031195564195513725,0.0107303614360994,0.117
93,SN2006sr,0.02414,1.24,0.06,Ia-norm,0.0804,0.2,0.0,1.1,1.1,0.14606785127350447,,,,,,,0.09414607286453247,0.08398223772371338,0.14606785127350447
94,SN1996bl,0.036000000000000004,1.07,0.06,Ia-norm,0.0851,0.08,0.0,,,,,,,,,,0.09942536056041718,,0.0
95,SN2003cq,0.033283,1.2,0.06,Ia-norm,0.0171,0.1,0.0,1.3,0.9,0.19935503570145535,,,,,,,0.020210884511470798,0.06068738559987352,0.19935503570145535
96,SN1996bk,0.006665000000000001,1.78,0.05,Ia-norm,0.0156,0.0,0.0156,,,,,,,,,,0.01798796840012074,,0.0
97,SN2006bu,0.081,0.908304596,0.07,Ia-norm,0.022,0.0,0.022,0.9,1.3,,,,,,,,0.02567853033542633,,0.0
98,SN2007sr,0.005477,0.919,0.07,Ia-norm,0.0398,0.0,0.0398,1.4,1.1,0.23173100680888253,0.173,https://iopscience.iop.org/article/10.3847/1538-4357/ab2a16/pdf,,,,,0.047067709267139435,0.12612042524546752,0.173
99,SN2000bh,0.022809,1.11,0.09,Ia-norm,0.0469,0.0,0.0469,,,,0.065,https://iopscience.iop.org/article/10.3847/1538-4357/ab2a16/pdf,,,,,0.05066080391407013,,0.065
100,SN2001ex,0.026378,1.56,0.12,Ia-91bg,0.0452,0.0,0.0452,1.7,1.8,0.26553274798124576,,,,,,,0.05300687626004219,0.21515318448564358,0.26553274798124576
101,SN2002cr,0.0094,1.19,0.06,Ia-norm,0.0212,0.094,0.0,1.2,1.4,0.09214720525808962,,,,,,,0.024621248245239258,-0.042634345611606506,0.09214720525808962
102,SN2002dj,0.009393,1.19,0.05,Ia-norm,0.0816,0.0,0.0816,1.6,0.9,0.16875733496271939,0.093,https://iopscience.iop.org/article/10.3847/1538-4357/ab2a16/pdf,,,,,0.0951581448316574,0.10451268067944142,0.093
103,SN1998es,0.010567,0.85,0.04,Ia-99aa-like,0.0277,0.152,0.0,1.1,1.1,0.19961866995753025,0.14,Jiawen,,,,,0.032120782881975174,0.08722140483216378,0.14
104,SN2006S,0.032102,0.93,0.04,Ia-99aa-like,0.0139,0.177,0.0,1.1,1.1,0.17233051663100796,,,,,,,0.016686880961060524,0.035280057231492634,0.17233051663100796
105,SN2002G,0.033737,1.25,0.04,Ia-norm,0.0105,0.08,0.0,0.4,1.2,,0.39,https://academic.oup.com/mnras/article/479/3/3663/5040246,,,,,0.01265360787510872,,0.39
106,SN2005eq,0.028977,0.88,0.05,Ia-91T,0.0629,0.0,0.0629,1.4,1.0,0.14143280581336454,0.135,https://iopscience.iop.org/article/10.1088/0004-637X/704/2/1036,0.044,https://iopscience.iop.org/article/10.1088/0004-637X/789/1/32/pdf,,,0.0739845559000969,0.06702982334165242,0.135
107,SN2003W,0.020071,1.14,0.04,Ia-norm,0.0392,0.239,0.0,1.5,0.9,0.36460753611999364,,,,,,,0.04780600592494011,0.2512140877875062,0.36460753611999364
108,SN2006os,0.032809,1.070987498,0.07,Ia-norm,0.1254,0.0,0.1254,1.9,0.2,,0.471,https://iopscience.iop.org/article/10.1088/0004-637X/789/1/32/pdf,0.34,https://academic.oup.com/mnras/article/479/3/3663/5040246,,,0.14586375653743744,,0.471
109,SN2008bc,0.015087,0.94242142,0.07400000000000001,Ia-norm,0.2251,0.0,0.2251,1.6,0.3,0.039793616357085226,0.003,https://iopscience.iop.org/article/10.3847/1538-4357/ab2a16/pdf,0.0,https://academic.oup.com/mnras/article/480/2/1445/5056728,,,0.26221758127212524,0.14715791727210004,0.003
110,SN2006bw,0.030002,1.28,0.09,Ia-norm,0.0318,0.0,0.0318,1.3,1.1,0.25971968094550013,,,,,,,0.037402596324682236,0.1444171205635847,0.25971968094550013
111,SN2007hj,0.014113,1.95,0.06,Ia-norm,0.0747,0.0,0.0747,1.3,1.1,0.0,,,,,,,0.08809836953878403,0.07432439082828779,0.0
112,SN2006gz,0.02363,0.69,0.04,Ia-supCh,0.0548,0.243,0.0,1.3,1.0,0.06784529023368385,0.18,https://iopscience.iop.org/article/10.1086/523301/pdf,,,,,0.06332291662693024,0.015642054487695845,0.18
113,SN1998eg,0.02476,1.14,0.05,Ia-norm,0.1055,0.202,0.0,,,,,,,,,,0.12065713107585907,,0.0
114,SN2000ce,0.016305,1.0,0.08,Ia-norm,0.0473,0.0,0.0473,,,,0.57,https://academic.oup.com/mnras/article/479/3/3663/5040246,,,,,0.056538194417953484,,0.57
115,SN2008af,0.033507,1.33,0.08,Ia-norm,0.0291,0.08,0.0,0.8,1.4,,0.0,https://iopscience.iop.org/article/10.3847/1538-4357/ab2a16/pdf,,,,,0.033703435212373734,,0.0
116,SN2005bc,0.012272,1.32,0.05,Ia-norm,0.0089,0.0,0.0089,1.1,1.1,0.48809022400734753,0.43,https://academic.oup.com/mnras/article/479/3/3663/5040246,,,,,0.010455524548888206,0.35024682600380075,0.43
117,SN2007ai,0.031662,0.852109517,0.07,Ia-91T,0.28600000000000003,0.0,0.28600000000000003,1.5,0.9,,0.339,https://iopscience.iop.org/article/10.3847/1538-4357/ab2a16/pdf,0.16,https://iopscience.iop.org/article/10.1088/0004-637X/789/1/32/pdf,,,0.3313237726688385,,0.339
118,SN2001az,0.040695,1.09,0.06,Ia-norm,0.0424,0.14,0.0,1.5,0.6,0.08228884172944145,,,,,,,0.050677847117185586,-0.02865500779486041,0.08228884172944145
119,SN2000cu,0.020324,1.48,0.04,Ia-norm,0.0763,0.0,0.0763,1.1,1.1,0.1262638796284214,,,,,,,0.08836852759122849,0.09275592449703396,0.1262638796284214
120,SN2006cm,0.016341,1.04,0.07,Ia-norm,0.0414,0.0,0.0414,1.7,1.5,1.2610574820620122,1.1,https://academic.oup.com/mnras/article/479/3/3663/5040246,,,,,0.047917772084474564,1.148305683079684,1.1
121,SN2001gc,0.01929,1.067913277,0.07400000000000001,Ia-norm,0.1801,0.0,0.1801,,,,,,,,,,0.21018162369728088,,0.0
122,SN2013aa,0.003999,0.8,0.0,Ia-norm,0.1458,0.0,0.1458,1.2,1.1,,0.0,https://iopscience.iop.org/article/10.3847/1538-4357/aab716/pdf,,,,,0.1698252260684967,,0.0
123,SN2002dl,0.016250999999999998,1.76,0.05,Ia-norm,0.0668,0.0,0.0668,,,,,,,,,,0.07758741825819017,,0.0
124,SN2004eo,0.015701,1.48242509,0.07400000000000001,Ia-norm,0.093,0.0,0.093,0.4,1.4,0.05067816080801085,0.129,https://iopscience.iop.org/article/10.1088/0004-637X/704/2/1036,0.077,https://iopscience.iop.org/article/10.3847/1538-4357/ab2a16/pdf,0.128,https://academic.oup.com/mnras/article/480/2/1445/5056728,0.10801958292722702,0.03733003626006237,0.077
125,SN1999gh,0.007679000000000002,1.69,0.05,Ia-norm,0.0502,0.069,0.0,1.3,1.6,0.11040216465922487,,,,,,,0.0575263686478138,0.10209484326206564,0.11040216465922487
126,SN2006mr,0.005871,1.916371927,0.07400000000000001,Ia-91bg,0.0179,0.0,0.0179,,,,0.08900000000000001,https://arxiv.org/pdf/1702.06585.pdf,0.0,https://academic.oup.com/mnras/article/388/1/421/1014538,,,0.020907914265990257,,0.08900000000000001
127,SN2008L,0.0194,1.38,0.06,Ia-norm,0.1357,0.02,0.0,1.2,1.1,0.05783810191291988,,,,,,,0.15879791975021362,0.07659594635466149,0.05783810191291988
128,SN2002fb,0.015567,1.77,0.11,Ia-91bg,0.0763,0.229,0.0,1.4,1.6,0.0,,,,,,,0.08850562572479248,0.4393500768023806,0.0
129,SN2003Y,0.016942,1.65,0.08,Ia-91bg,0.0399,0.0,0.0399,1.9,1.9,,,,,,,,0.04762005060911178,,0.0
130,SN2005ku,0.045439,1.039873203,0.07400000000000001,Ia-norm,0.0461,0.0,0.0461,1.3,0.1,,0.124,https://iopscience.iop.org/article/10.1088/0004-637X/789/1/32/pdf,,,,,0.05378323048353195,,0.124
131,SN2006br,0.02459,1.12,0.09,Ia-norm,0.0197,0.0,0.0197,0.9,1.3,,0.8959999999999999,https://iopscience.iop.org/article/10.1088/0004-637X/789/1/32/pdf,,,,,0.024557409808039662,,0.8959999999999999
132,SN1999ej,0.013723,1.48,0.03,Ia-norm,0.0605,0.2,0.0,,,,,,,,,,0.07191517949104309,,0.0
133,SN2001V,0.015018,0.82,0.05,Ia-norm,0.0172,0.12,0.0,1.3,1.1,0.16874672732728602,,,,,,,0.019578108564019203,0.04817097329971887,0.16874672732728602
134,SN1991bg,0.003392,1.826828649,0.07400000000000001,Ia-91bg,0.0344,0.0,0.0344,1.5,1.4,0.0,0.0,https://articles.adsabs.harvard.edu/pdf/1992AJ....104.1543F,,,,,0.04112953692674637,0.6385860307979243,0.0
135,SN1991T,0.005790999999999999,0.89854105,0.07400000000000001,Ia-91T,0.0189,0.202,0.0,1.0,1.1,0.33398154525934926,0.21,Jiawen,,,,,0.02190592885017395,0.20535580756761007,0.21
136,SN1999bh,0.017205,1.38,0.08,Ia-norm,0.012,0.0,0.012,,,,0.48,https://arxiv.org/pdf/1202.3140.pdf,,,,,0.014923471026122568,,0.48
137,SN2000cp,0.034204000000000005,1.09,0.09,Ia-norm,0.0421,0.0,0.0421,1.1,1.1,0.4941183348376988,0.51,https://academic.oup.com/mnras/article/479/3/3663/5040246,,,,,0.05004759505391121,0.38254423325012255,0.51
138,SN2005bo,0.013896,1.28,0.03,Ia-norm,0.0396,0.2,0.0,1.6,1.3,0.41956902396816764,0.272,https://iopscience.iop.org/article/10.3847/1538-4357/ab2a16/pdf,0.327,https://iopscience.iop.org/article/10.1088/0004-637X/789/1/32/pdf,,,0.0459674559533596,0.31283132321492957,0.327
139,SN1986G,0.001825,0.804213507,0.07400000000000001,Ia-norm,0.0985,0.0,0.0985,1.3,1.9,1.1027286001102017,0.88,https://arxiv.org/pdf/1608.05244.pdf,1.0,https://academic.oup.com/mnras/article/479/3/3663/5040246,,,0.11444901674985886,1.0795189068666033,1.0
140,SN2005cc,0.007572,1.94,0.06,Iax,0.0056,0.0,0.0056,1.3,1.1,0.0,0.4,https://iopscience.iop.org/article/10.1088/0004-637X/767/1/57/pdf,,,,,0.006524619646370411,0.331034002653535,0.4
141,SN2002bo,0.00424,1.08,0.04,Ia-norm,0.0216,0.555,0.0,1.3,0.8,0.4679251014759773,0.43,https://arxiv.org/pdf/astro-ph/0309665.pdf,0.46,https://academic.oup.com/mnras/article/479/3/3663/5040246,,,0.025067374110221863,0.331451256056539,0.46
142,SN2006hb,0.015344,1.44,0.09,Ia-norm,0.0236,0.16,0.0,1.1,1.1,0.14665698850000136,0.029,https://iopscience.iop.org/article/10.1088/0004-637X/789/1/32/pdf,,,,,0.027268437668681145,0.04412366213175645,0.029
143,SN2008Z,0.02099,1.02,0.05,Ia-99aa-like,0.0099,0.0,0.0099,0.9,1.2,0.3552733740842879,,,,,,,0.011552264913916588,0.2069217311545941,0.3552733740842879
144,SN2002ck,0.029864,1.08,0.09,Ia-norm,0.0847,0.2,0.0,1.0,1.2,0.13347321307909632,,,,,,,0.09812991321086884,0.07006190676030499,0.13347321307909632
145,SN2001N,0.021025,1.106951303,0.07,Ia-norm,0.0215,0.0,0.0215,0.9,1.3,0.551964583628436,,,,,,,0.026916088536381718,0.41724813518991155,0.551964583628436
146,SN2007af,0.005464,1.04,0.05,Ia-norm,0.0338,0.16899999999999998,0.0,1.1,1.1,0.14932862269404407,0.183,https://iopscience.iop.org/article/10.3847/1538-4357/ab2a16/pdf,0.17800000000000002,https://iopscience.iop.org/article/10.1088/0004-637X/789/1/32/pdf,,,0.03918464109301567,0.027843692720256996,0.17800000000000002
147,SN2005W,0.008889483,1.229578651,0.07400000000000001,Ia-norm,0.0615,0.0,0.0615,,,,0.233,https://iopscience.iop.org/article/10.1088/0004-637X/789/1/32/pdf,,,,,0.07151629775762558,,0.233
148,SN2002eu,0.037626,1.52,0.08,Ia-norm,0.039,0.0,0.039,1.9,1.1,0.09244436709856901,,,,,,,0.04544558748602867,0.02481857230992901,0.09244436709856901
149,SN2014J,0.000677,0.95,,Ia-norm,0.1358,1.19,0.054000000000000006,1.1,1.1,1.2809870522706688,1.4,https://academic.oup.com/mnras/article/479/3/3663/5040246,,,,,0.15863151848316193,1.284126089976894,1.4
150,SN2005ls,0.021118,0.98,0.03,Ia-norm,0.0807,0.0,0.0807,1.1,1.1,0.39207022782582196,,,,,,,0.09306687116622923,0.32742418124245276,0.39207022782582196
151,SN2002fk,0.007125,1.13,0.03,Ia-norm,0.0344,0.0,0.0344,1.3,1.0,0.04446833767426284,,,,,,,0.03997592628002167,-0.07694959036703963,0.04446833767426284
152,SN2005ki,0.019207,1.41,0.07,Ia-norm,0.0267,0.0,0.0267,1.9,0.9,0.10487774321595905,0.0,https://iopscience.iop.org/article/10.1088/0004-637X/704/2/1036,0.0,https://iopscience.iop.org/article/10.3847/1538-4357/ab2a16/pdf,0.016,https://iopscience.iop.org/article/10.1088/0004-637X/789/1/32/pdf,0.031960844993591316,0.0016702306950371337,0.016
153,SN2006oa,0.06,0.89,0.07,Ia-norm,0.0352,0.0,0.0352,,,,,,,,,,0.04055522009730339,,0.0
154,SN2003hu,0.075,0.921925786,0.07,Ia-norm,0.052000000000000005,0.0,0.052000000000000005,,,,,,,,,,0.06131739169359207,,0.0
155,SN1998V,0.017586,0.99,0.06,Ia-norm,0.17,0.28600000000000003,0.0,,,,,,,,,,0.19666604697704315,,0.0
156,SN2005lz,0.044341000000000005,1.34,0.08,Ia-norm,0.077,0.2,0.0,1.9,0.7,,,,,,,,0.0898200049996376,,0.0
157,SN2005hf,0.04311,1.31,0.07,Ia-norm,0.0475,0.2,0.0,0.6,1.3,0.5001496984016486,,,,,,,0.05443130061030388,0.40509804437473207,0.5001496984016486
158,SN2005ew,0.003,0.871909301,0.07400000000000001,Ia-99aa-like,0.4283,0.0,0.4283,1.6,0.9,-0.13678766645970003,,,,,,,0.5001208782196045,0.21594051866789243,-0.13678766645970003
159,SN2005bl,0.02406,1.93,0.1,Ia-91bg,0.0251,0.198,0.0,1.9,1.1,0.0,0.257,https://iopscience.iop.org/article/10.1088/0004-637X/789/1/32/pdf,,,,,0.028937455266714093,0.6844490614075802,0.257
160,SN1999ef,0.039137,1.06,0.05,Ia-norm,0.0728,0.0,0.0728,,,,,,,,,,0.08796141296625137,,0.0
161,SN1999aa,0.014443,0.78,0.02,Ia-99aa-like,0.0342,0.05,0.0,1.4,1.3,0.020856732870752015,0.01,Jiawen,,,,,0.03973211348056793,-0.07297659344247265,0.01
162,SN2001ep,0.013129,1.3,0.06,Ia-norm,0.0388,0.198,0.0,1.1,1.1,0.1149913596550316,0.05,https://academic.oup.com/mnras/article/391/4/1605/1746876,,,,,0.04734494537115097,0.011724300907271612,0.05
163,SN1997dt,0.007318000000000002,1.04,0.15,Ia-norm,0.0484,0.0,0.0484,,,,0.52,https://academic.oup.com/mnras/article/479/3/3663/5040246,,,,,0.056267820298671715,,0.52
164,SN2001bf,0.015501,0.99,0.06,Ia-norm,0.0845,0.0,0.0845,1.2,1.0,0.0435356805911621,,,,,,,0.09878983348608016,-0.01601760825581877,0.0435356805911621
165,SN2008gp,0.033413,1.06460654,0.07400000000000001,Ia-norm,0.1042,0.18,0.0,1.0,0.3,0.012036809296499529,0.0,https://iopscience.iop.org/article/10.3847/1538-4357/ab2a16/pdf,0.098,https://iopscience.iop.org/article/10.1088/0004-637X/789/1/32/pdf,,,0.12057452648878098,-0.028698556229770134,0.0
166,SN2006cq,0.048337,0.938834805,0.07,Ia-norm,0.0129,0.0,0.0,1.3,0.9,,,,,,,,0.014974844641983509,,0.0
167,SN1997cw,0.0171,0.979252905,0.07400000000000001,Ia-norm,0.0629,0.0,0.0629,,,,0.3,https://iopscience.iop.org/article/10.3847/1538-4357/ab8e3e/pdf,,,,,0.07361702620983124,,0.3
168,SN2006lf,0.013206,1.3,0.06,Ia-norm,0.8161,1.029,0.8161,1.4,0.8,-0.15259350907477054,0.0,https://iopscience.iop.org/article/10.3847/1538-4357/ab2a16/pdf,,,,,0.9542590379714966,0.6510535247778151,0.0
169,SN2003it,0.025091,1.36,0.09,Ia-norm,0.06,0.118,0.0,,,,,,,,,,0.07069896906614304,,0.0
170,SN2005hj,0.057,0.870415602,0.07,Ia-norm,0.0329,0.2,0.0,,,,0.17,https://iopscience.iop.org/article/10.1088/0004-637X/704/2/1036,0.066,,,,0.038734536617994315,,0.17
171,SN2006H,0.013993,1.83,0.05,Ia-91bg,0.1774,0.376,0.0,1.4,1.1,,,,,,,,0.20605577528476715,,0.0
172,SN2008ar,0.026147000000000004,1.1,0.05,Ia-norm,0.0311,0.12,0.0,0.5,1.1,0.1454710773386323,0.081,https://iopscience.iop.org/article/10.3847/1538-4357/ab2a16/pdf,,,,,0.036809854209423065,0.020633732513090308,0.081
173,SN2001ay,0.030244,0.68,0.05,Ia-norm,0.0159,0.0,0.0159,1.9,0.5,0.12707969722495843,0.07200000000000001,https://iopscience.iop.org/article/10.1088/0004-6256/142/3/74/pdf,,,,,0.018898159265518192,0.03273087607742653,0.07200000000000001
174,SN2004ey,0.015786,1.008219619,0.07400000000000001,Ia-norm,0.1191,0.04,0.0,1.6,0.8,-0.00197638636579317,0.0,https://iopscience.iop.org/article/10.1088/0004-637X/704/2/1036,0.006,https://iopscience.iop.org/article/10.3847/1538-4357/ab2a16/pdf,0.019,https://academic.oup.com/mnras/article/480/2/1445/5056728,0.13742774724960327,-0.02389865269920577,0.0
175,SN1994D,0.002058,1.37,0.03,Ia-norm,0.0191,0.0,0.0191,1.1,1.1,0.0982574914849344,0.05,https://adsabs.harvard.edu/pdf/1996MNRAS.278..111P,,,,,0.022214142605662342,-0.021082376447576934,0.05
176,SN2002jg,0.014987,1.42,0.07,Ia-norm,0.0567,0.0,0.0567,1.5,1.0,,,,,,,,0.0663733258843422,,0.0
177,SN2007bm,0.006211,1.09,0.05,Ia-norm,0.0354,0.0,0.0354,1.3,1.1,0.45161030852336165,0.606,https://iopscience.iop.org/article/10.1088/0004-637X/789/1/32/pdf,0.54,https://academic.oup.com/mnras/article/479/3/3663/5040246,,,0.04103053361177445,0.33101914549364864,0.54
178,SN2000dk,0.017442,1.62,0.05,Ia-norm,0.0589,0.2,0.0,1.1,1.1,0.04389141711147232,0.0,Jiawen,,,,,0.07047591358423233,0.027158058777516203,0.0
179,SN2006cj,0.067517,0.81,0.06,Ia-norm,0.01,0.14,0.0,1.1,1.1,0.02329371626944937,,,,,,,0.011844408698379992,-0.10345107859074076,0.02329371626944937
180,SN2002cs,0.015771,0.99,0.03,Ia-norm,0.0878,0.0,0.0878,1.3,0.5,0.6838727107747925,,,,,,,0.10777175426483154,0.633301342706563,0.6838727107747925
181,SN2004bk,0.023124,1.02,0.07,Ia-norm,0.0218,0.0,0.0218,1.3,1.1,0.1912171061488483,,,,,,,0.025357069447636604,0.05667026775287454,0.1912171061488483
182,SN2008ia,0.021942,1.213605344,0.07400000000000001,Ia-norm,0.1954,0.0,0.1954,1.4,1.1,0.05844973823865868,0.003,https://iopscience.iop.org/article/10.3847/1538-4357/ab2a16/pdf,0.066,https://academic.oup.com/mnras/article/480/2/1445/5056728,,,0.2265017181634903,0.12687448615825758,0.066
183,SN2007nq,0.045031,1.47,0.05,Ia-norm,0.0312,0.2,0.0,0.5,1.1,0.11244996237808796,0.046,https://iopscience.iop.org/article/10.1088/0004-637X/789/1/32/pdf,,,,,0.035447265952825546,0.023956943131935304,0.046
184,SN2002he,0.024564,1.44,0.06,Ia-norm,0.0341,0.0,0.0341,1.0,1.2,0.1450220208980995,,,,,,,0.03961491584777832,0.054835172708951774,0.1450220208980995
185,SN2008C,0.017,1.11,0.05,Ia-norm,0.07200000000000001,0.2,0.0,1.8,0.7,0.13584350067222184,0.239,https://iopscience.iop.org/article/10.3847/1538-4357/ab2a16/pdf,0.27,https://iopscience.iop.org/article/10.1088/0004-637X/789/1/32/pdf,,,0.08377645164728165,0.05800222596780813,0.239
186,SN2002dp,0.011639,1.12,0.04,Ia-norm,0.0422,0.0,0.0,1.3,1.1,0.1068211538352119,,,,,,,0.0489223450422287,-0.005789779355840352,0.1068211538352119
187,SN2005ag,0.079665,1.046518978,0.07400000000000001,Ia-norm,0.0331,0.0,0.0331,0.3,0.7,,0.085,https://iopscience.iop.org/article/10.1088/0004-637X/704/2/1036,0.07200000000000001,https://iopscience.iop.org/article/10.1088/0004-637X/789/1/32/pdf,,,0.03995136171579361,,0.085
188,SN2001eh,0.037036,0.92,0.06,Ia-99aa-like,0.0538,0.08199999999999999,0.0,1.0,1.3,0.09465580454342964,0.06,https://academic.oup.com/mnras/article/391/4/1605/1746876,,,,,0.06360413134098053,0.005482619387198184,0.06
189,SN2008hv,0.012549,1.133690173,0.07400000000000001,Ia-norm,0.0279,0.0,0.0,1.9,0.7,0.07821309017024702,0.0,https://iopscience.iop.org/article/10.3847/1538-4357/ab2a16/pdf,0.07400000000000001,https://iopscience.iop.org/article/10.1088/0004-637X/789/1/32/pdf,,,0.03190222755074501,-0.05121320005337893,0.07400000000000001
190,SN2003ic,0.055672,1.306865353,0.07,Ia-norm,0.0322,0.2,0.0,,,,,,,,,,0.037692613899707794,,0.0
191,SN1998co,0.018072,1.434218922,0.07,Ia-norm,0.0363,0.0,0.0363,,,,,,,,,,0.042687512934207916,,0.0
192,SN2005na,0.026322,1.09,0.06,Ia-norm,0.0681,0.0,0.0,1.3,1.2,0.02262826406994517,0.048,https://iopscience.iop.org/article/10.1088/0004-637X/704/2/1036,0.0,https://iopscience.iop.org/article/10.3847/1538-4357/ab2a16/pdf,0.061,https://iopscience.iop.org/article/10.1088/0004-637X/789/1/32/pdf,0.07769143581390381,-0.06130199675763848,0.0
193,SN2003gn,0.03445,1.22,0.04,Ia-norm,0.042,0.0,0.042,1.5,0.6,,,,,,,,0.04970238730311394,,0.0
194,SN1997br,0.005961,1.09,0.06,Ia-91T,0.0967,0.0,0.0967,,,0.6449630523800187,0.35,https://arxiv.org/pdf/astro-ph/0611125.pdf,,,,,0.11292244493961336,0.5962638006781447,0.35
195,SN2005hk,0.012993,1.56,0.09,Iax,0.0193,0.112,0.0,0.3,1.9,0.1354606000538277,0.09,https://www.jstor.org/stable/pdf/10.1086/518372.pdf?refreqid=excelsior%3A91cbacb89203ebf27a3875fba7789e90&ab_segments=&origin=&initiator=&acceptTC=1,0.0,https://iopscience.iop.org/article/10.1088/0004-637X/767/1/57/pdf,,,0.02274260297417641,0.054816763272359736,0.09
196,SN2003K,0.021815,1.007220305,0.07400000000000001,Ia-91T,0.0238,0.0,0.0238,,,0.13792262369364028,,,,,,,0.02753935381770134,0.006162460251264434,0.13792262369364028
197,SN2007ux,0.030915,1.74,0.07,Ia-norm,0.0386,0.14,0.0,0.4,1.5,0.0,,,,,,,0.044947527348995216,0.04919116851819183,0.0
198,SN2005eu,0.0349,0.89,0.06,Ia-norm,0.1126,0.0,0.1126,1.9,0.7,0.2303573474618352,,,,,,,0.13146050274372098,0.2122504156183993,0.2303573474618352
199,SN1999dk,0.01496,0.92447046,0.07,Ia-norm,0.0429,0.0,0.0429,1.3,1.1,0.18054848195513074,0.12,Jiawen,,,,,0.050338886678218835,0.07767408327802983,0.12
200,SN2001E,0.01926,0.92,0.06,Ia-norm,0.0333,0.0,0.0333,1.1,1.1,,,,,,,,0.03900139406323433,,0.0
201,SN2005al,0.012402,1.002930043,0.07400000000000001,Ia-norm,0.0483,0.0,0.0483,,,,0.0,https://iopscience.iop.org/article/10.1088/0004-637X/704/2/1036,0.022,https://iopscience.iop.org/article/10.1088/0004-637X/789/1/32/pdf,,,0.05555134266614914,,0.0
202,SN2000fa,0.021275,1.0,0.06,Ia-norm,0.0558,0.239,0.0,1.2,1.0,0.1510759958308196,0.19,Jiawen,,,,,0.06710819900035858,0.05926583904902927,0.19
203,SN2007bz,0.021778,1.05,0.03,Ia-norm,0.0285,0.0,0.0285,1.3,1.0,0.2592288944628159,,,,,,,0.03365620225667953,0.1319151532514411,0.2592288944628159
204,SN2006je,0.037996,1.757466073,0.07400000000000001,Ia-norm,0.0397,0.0,0.0397,1.6,1.8,,,,,,,,0.0461563877761364,,0.0
205,SN1996bo,0.017285,1.16,0.03,Ia-norm,0.0665,0.0,0.0665,,,,,,,,,,0.0772358626127243,,0.0
206,SN2000bk,0.025444,1.46,0.1,Ia-norm,0.0221,0.0,0.0221,0.8,1.2,,,,,,,,0.025987736880779263,,0.0
207,SN2007co,0.026962,1.16,0.03,Ia-norm,0.0964,0.34,0.0,1.3,0.9,0.14974178129787602,0.208,https://iopscience.iop.org/article/10.3847/1538-4357/ab2a16/pdf,,,,,0.11319243907928468,0.10228849613693569,0.208
208,SN1998ab,0.027132,1.04,0.06,Ia-91T,0.0145,0.177,0.0,1.3,1.1,0.24734786417145,0.1,Jiawen,,,,,0.016950611025094986,0.10362890412974224,0.1
209,SN2005ke,0.00488,1.82,0.05,Ia-91bg,0.02,0.064,0.0,0.5,1.7,0.0,0.263,https://arxiv.org/pdf/1702.06585.pdf,,,,,0.0245639942586422,0.6583377567223465,0.263
210,SN2008Q,0.0081,1.25,0.08,Ia-norm,0.0716,0.0,0.0716,1.4,1.0,0.14756342988718985,,,,,,,0.08275698870420456,0.07488789356654024,0.14756342988718985
211,SN2003ai,0.036177,1.000358505,0.07400000000000001,Ia-norm,0.0127,0.0,0.0127,1.0,1.1,0.12633705202037038,,,,,,,0.014608425088226797,-0.01799248037842105,0.12633705202037038
212,SN2005dv,0.010404,1.821751136,0.07,Ia-norm,0.0159,0.0,0.0159,1.7,1.9,0.0,,,,,,,0.018920689821243286,0.7641429926531167,0.0
213,SN2004ef,0.030985,1.39,0.04,Ia-norm,0.0458,0.2,0.0,1.9,0.7,0.093350449427056,0.157,https://iopscience.iop.org/article/10.1088/0004-637X/704/2/1036,0.116,https://iopscience.iop.org/article/10.3847/1538-4357/ab2a16/pdf,0.158,https://iopscience.iop.org/article/10.1088/0004-637X/789/1/32/pdf,0.05491703003644943,0.009796324496612385,0.116
214,SN1999gd,0.018509,1.18,0.05,Ia-norm,0.0354,0.541,0.0,,,,0.45,https://academic.oup.com/mnras/article/479/3/3663/5040246,,,,,0.041113901883363724,,0.45
215,SN2006al,0.067849,1.35,0.07,Ia-norm,0.0221,0.0,0.0,1.3,1.0,,,,,,,,0.025651337578892708,,0.0
216,SN2003fa,0.040388,0.8,0.05,Ia-99aa-like,0.0334,0.059,0.0,1.4,0.6,0.023744032377870983,,,,,,,0.03917023539543152,-0.07405531206903149,0.023744032377870983
217,SN2000dn,0.032065,1.04,0.04,Ia-norm,0.0409,0.0,0.0409,1.2,1.1,0.06977192435304641,0.08,Jiawen,,,,,0.04796914383769035,-0.04292850287606598,0.08
218,SN2006bh,0.010847,1.391299069,0.07400000000000001,Ia-norm,0.0227,0.0,0.0227,,,,0.016,https://iopscience.iop.org/article/10.1088/0004-637X/704/2/1036,0.0,https://iopscience.iop.org/article/10.3847/1538-4357/ab2a16/pdf,0.037000000000000005,https://iopscience.iop.org/article/10.1088/0004-637X/789/1/32/pdf,0.02658393234014511,,0.016
219,SN2001fh,0.01299,1.51,0.08,Ia-norm,0.6394,0.0,0.6394,0.6,1.6,-0.14447110206526897,,,,,,,0.7463582754135132,0.48653203166341896,-0.14447110206526897
220,SN2006ot,0.0531,0.84,0.05,Ia-norm,0.0151,0.0,0.0151,1.9,0.5,0.18195737788062055,,,,,,,0.017689963802695274,0.05652905650894624,0.18195737788062055
221,SN2002de,0.028116,0.96,0.04,Ia-norm,0.0144,0.239,0.0,1.1,1.1,0.4135437694307441,,,,,,,0.01946305297315121,0.2767192257907567,0.4135437694307441
222,SN2003kf,0.007388,1.1,0.05,Ia-norm,0.2687,0.386,0.0,1.4,0.7,0.08528954428003943,,,,,,,0.3125289976596832,0.2361713429047576,0.08528954428003943
223,SN2004as,0.031021,0.92,0.08,Ia-norm,0.0132,0.195,0.0,1.4,0.9,0.15921960688365028,,,,,,,0.015322580933570862,0.02176487132000915,0.15921960688365028
224,SN2012fr,0.005457,0.85,0.0,Ia-norm,0.0177,0.0,0.0177,,,0.21826232713034682,0.01,https://iopscience.iop.org/article/10.1088/0004-6256/148/1/1/pdf,,,,,0.02040453068912029,0.09414880981212548,0.01
225,SN2005iq,0.034043000000000004,1.19,0.06,Ia-norm,0.0186,0.2,0.0,1.9,0.7,,0.005,https://iopscience.iop.org/article/10.1088/0004-637X/704/2/1036,0.0,https://iopscience.iop.org/article/10.3847/1538-4357/ab2a16/pdf,0.04,https://iopscience.iop.org/article/10.1088/0004-637X/789/1/32/pdf,0.02210061252117157,,0.005
226,SN1990Y,0.039034,1.025792678,0.07400000000000001,Ia-norm,0.0069,0.0,0.0069,,,,,,,,,,0.008233427070081234,,0.0
227,SN1996ab,0.13,1.01,0.07,Ia-norm,0.0274,0.0,0.0274,,,,,,,,,,0.03226253017783165,,0.0
228,SN2002er,0.008569,1.23,0.03,Ia-norm,0.1376,0.0,0.1376,,,0.2665527321759777,,,,,,,0.16051644086837769,0.27009330533487486,0.2665527321759777
229,SN2002jy,0.0196,0.88,0.06,Ia-norm,0.045,0.114,0.0,1.0,1.1,0.11609158001000536,,,,,,,0.05303911864757538,0.020743160285771722,0.11609158001000536
230,SN2002es,0.02843,1.3592957019999998,0.07,Ia-pec,0.1552,0.0,0.1552,0.7,1.5,0.33256197426129647,0.0,https://arxiv.org/pdf/1202.3140.pdf,,,,,0.1802745759487152,0.36972290825063325,0.0
231,SN2011iv,0.0065,1.69,0.0,Ia-norm,0.0098,0.0,0.01,1.3,1.1,0.05289088847560325,0.01,https://arxiv.org/pdf/1707.03823.pdf,,,,,0.011399870738387108,-0.0015429308309826695,0.01
232,SN2002ef,0.023977,1.06,0.04,Ia-norm,0.0251,0.0,0.0251,1.9,1.1,,,,,,,,0.03226056322455406,,0.0
233,SN2000dm,0.015069999999999997,1.46,0.04,Ia-norm,0.1606,0.0,0.1606,1.1,1.1,0.0006184869440113983,,,,,,,0.1851309984922409,0.05980038609836669,0.0006184869440113983
234,SN2005lu,0.032009,0.74,0.05,Ia-norm,0.0218,0.0,0.0218,0.3,0.3,0.34843217875954785,0.324,https://iopscience.iop.org/article/10.3847/1538-4357/ab2a16/pdf,0.247,https://iopscience.iop.org/article/10.1088/0004-637X/789/1/32/pdf,,,0.02551643364131451,0.2478510131332996,0.324
235,SN2006em,0.019233,1.5,0.15,Ia-91bg,0.0513,0.0,0.0513,1.6,1.3,,,,,,,,0.059029668569564826,,0.0
236,SN2006az,0.030935,1.29,0.03,Ia-norm,0.0111,0.0,0.0111,1.9,0.8,0.1743031709033468,,,,,,,0.01387436781078577,0.03649146735822839,0.1743031709033468
237,SN1999cl,0.007609,1.17,0.06,Ia-norm,0.0325,1.328,0.0,1.4,0.7,1.2103830937966107,1.08,https://academic.oup.com/mnras/article/479/3/3663/5040246,,,,,0.037991128861904144,1.0880878290883906,1.08
238,SN2008bf,0.0246,1.05,0.04,Ia-norm,0.0296,0.093,0.0,1.1,1.1,0.06424926573398154,0.0,https://iopscience.iop.org/article/10.3847/1538-4357/ab2a16/pdf,,,,,0.034548941999673836,-0.062171735734398936,0.0
239,SN2005kc,0.015119999999999996,1.24,0.04,Ia-norm,0.1136,0.2,0.0,1.2,1.1,0.27446891376257637,0.267,https://iopscience.iop.org/article/10.1088/0004-637X/704/2/1036,0.35,https://iopscience.iop.org/article/10.3847/1538-4357/ab2a16/pdf,0.31,https://iopscience.iop.org/article/10.1088/0004-637X/789/1/32/pdf,0.13211028277873993,0.25034751012699274,0.267
240,SN1996ai,0.003156,0.88,0.06,Ia-norm,0.0122,0.0,0.0122,1.8,1.6,,1.69,https://arxiv.org/pdf/1905.11516.pdf,,,,,0.014114382676780226,,1.69
241,SN2002do,0.015881,1.56,0.08,Ia-norm,0.2703,0.0,0.2703,,,,,,,,,,0.3137614130973816,,0.0
242,SN2008A,0.016428,1.28,0.09,Iax,0.0427,0.0,0.0427,0.7,1.5,0.289225380844672,0.2,https://iopscience.iop.org/article/10.1088/0004-637X/767/1/57/pdf,,,,,0.05426756665110588,0.19078779078918018,0.2
243,SN1993ae,0.019667,1.261106143,0.07400000000000001,Ia-norm,0.0334,0.0,0.0334,0.3,0.7,0.053762384889429415,,,,,,,0.03898410126566887,-0.06173403954066359,0.053762384889429415
244,SN1999by,0.002128,1.97,0.04,Ia-91bg,0.0134,0.036000000000000004,0.0,1.5,1.0,0.0,0.02,https://arxiv.org/pdf/1702.06585.pdf,,,,,0.015713227912783626,0.48865104366672085,0.02
245,SN2003iv,0.034307,1.65,0.07,Ia-norm,0.1184,0.14300000000000002,0.0,1.3,0.9,-0.16889590454926057,,,,,,,0.13710686564445496,-0.11016731661149848,-0.16889590454926057
246,SN2005el,0.01491,1.27,0.05,Ia-norm,0.0976,0.124,0.0,1.1,1.1,0.03884335970562508,0.0,https://iopscience.iop.org/article/10.1088/0004-637X/704/2/1036,0.015,https://iopscience.iop.org/article/10.1088/0004-637X/789/1/32/pdf,,,0.1140507310628891,-0.000775169760874661,0.015
247,SN2001G,0.01677,1.025465792,0.07,Ia-norm,0.0135,0.0,0.0135,0.8,1.2,0.08765454831868813,,,,,,,0.0156814344227314,-0.05679900824393869,0.08765454831868813
248,SN2004bg,0.021035,1.05,0.09,Ia-norm,0.019,0.062,0.0,1.0,1.1,0.0717042848980512,,,,,,,0.02205819450318813,-0.06720746406681499,0.0717042848980512
249,SN2005mc,0.025221,1.63,0.05,Ia-norm,0.0379,0.2,0.0,1.9,1.7,0.5945754563604906,0.212,https://iopscience.iop.org/article/10.1088/0004-637X/789/1/32/pdf,,,,,0.04362303018569946,0.5538778851738861,0.212
250,SN2006X,0.00524,1.18,0.03,Ia-norm,0.0228,1.496,0.0,1.3,0.8,1.4446575306435359,1.36,https://iopscience.iop.org/article/10.1088/0004-637X/789/1/32/pdf,1.24,https://academic.oup.com/mnras/article/479/3/3663/5040246,,,0.026224935427308086,1.3110103807563505,1.36
251,SN1998aq,0.003699,1.11,0.04,Ia-norm,0.0122,0.024,0.0,1.5,0.9,0.06261963189766684,0.01,https://iopscience.iop.org/article/10.1086/512054/pdf,,,,,0.014118024148046969,-0.08488007030598155,0.01
252,SN2001fe,0.013539,1.0,0.07,Ia-norm,0.0185,0.08199999999999999,0.0,1.4,1.0,0.13723280427978718,,,,,,,0.022428257390856743,0.00074270588849501,0.13723280427978718
253,SN2006cp,0.022289,0.98,0.09,Ia-norm,0.0223,0.28800000000000003,0.0,1.2,1.0,0.1493717814667897,0.134,https://iopscience.iop.org/article/10.3847/1538-4357/ab2a16/pdf,,,,,0.02642706036567688,0.018085924082868132,0.134
254,SN2007le,0.006721,1.01,0.03,Ia-norm,0.0334,0.0,0.0334,1.6,0.9,0.38267627452646913,0.379,https://iopscience.iop.org/article/10.3847/1538-4357/ab2a16/pdf,0.388,https://iopscience.iop.org/article/10.1088/0004-637X/789/1/32/pdf,0.34,https://academic.oup.com/mnras/article/479/3/3663/5040246,0.033438876271247864,0.2566765330592524,0.379
255,SN1998dm,0.006534999999999999,0.9,0.03,Ia-norm,0.0385,0.434,0.0,1.1,1.1,0.30577618447596316,0.33,Jiawen,0.35,https://academic.oup.com/mnras/article/479/3/3663/5040246,,,0.045368149876594537,0.20045197110045265,0.33
256,SN2002aw,0.026145,1.05,0.06,Ia-norm,0.0059,0.0,0.0059,1.6,0.8,0.2510327636155843,,,,,,,0.006934763863682747,0.09699758401121272,0.2510327636155843
257,SN2004at,0.023131,1.05,0.03,Ia-norm,0.0094,0.0,0.0094,,,,,,,,,,0.011885751970112324,,0.0
258,SN2006le,0.017432,0.88,0.03,Ia-norm,0.35100000000000003,0.452,0.0,1.5,0.9,-0.014410456895282253,,,,,,,0.4487457573413849,0.2859477620742936,-0.014410456895282253
259,SN2002cd,0.010344,0.84,0.05,Ia-norm,0.3501,1.008,0.0,1.7,0.7,,0.7,https://academic.oup.com/mnras/article/479/3/3663/5040246,,,,,0.4053798019886017,,0.7
260,SN2006hx,0.045494,1.052732499,0.07400000000000001,Ia-norm,0.0256,0.0,0.0256,0.7,0.2,0.5777641692114996,0.21,https://iopscience.iop.org/article/10.1088/0004-637X/789/1/32/pdf,,,,,0.02999583818018436,0.44671755020631565,0.21
261,SN1997bp,0.008312,1.08,0.06,Ia-norm,0.0384,0.0,0.0384,1.9,0.7,0.3605252347329613,,,,,,,0.04428637400269509,0.2432703892059962,0.3605252347329613
262,SN2004gc,0.032089,1.08,0.05,Ia-norm,0.1781,0.0,0.1781,0.7,0.0,0.05119608587894242,0.242,https://iopscience.iop.org/article/10.1088/0004-637X/789/1/32/pdf,,,,,0.20607890188694,0.09573376823622226,0.242
263,SN2006ev,0.028733,1.32,0.05,Ia-norm,0.0759,0.0,0.0759,1.0,0.0,0.21984512753234503,0.199,https://iopscience.iop.org/article/10.1088/0004-637X/789/1/32/pdf,,,,,0.09007193893194199,0.16161814391185203,0.199
264,SN1998dx,0.054224,1.32,0.07,Ia-norm,0.0356,0.0,0.0356,1.1,1.1,0.02113718310181062,0.03,https://iopscience.iop.org/article/10.1086/512054/pdf,,,,,0.04040009528398514,-0.08676164416663923,0.03
265,SN2001ck,0.034717000000000005,1.05,0.05,Ia-norm,0.011,0.0,0.011,1.0,1.2,0.14653437782653428,,,,,,,0.012674454599618912,-0.001761111041901131,0.14653437782653428
266,SN2006ha,0.030654,1.368581946,0.07400000000000001,Ia-norm,0.0385,0.0,0.0385,,,,,,,,,,0.04473346844315529,,0.0
267,SN1995bd,0.0146,0.94,0.04,Ia-norm,0.4202,0.0,0.4202,,,,,,,,,,0.4899593591690064,,0.0
268,SN2001ah,0.057756,0.98,0.08,Ia-norm,0.0106,0.0,0.0106,0.4,1.3,,,,,,,,0.01287752017378807,,0.0
269,SN2003kc,0.033176,1.140199861,0.07400000000000001,Ia-norm,0.0163,0.0,0.0163,,,,,,,,,,0.02042939700186253,,0.0
270,SN1995ak,0.022719,1.25,0.07,Ia-norm,0.0326,0.0,0.0326,,,,,,,,,,0.037905387580394745,,0.0
271,SN2007N,0.01287891,1.874690474,0.07,Ia-91bg,0.0343,0.0,0.0343,1.5,1.1,,0.35,https://arxiv.org/pdf/1702.06585.pdf,,,,,0.0403105653822422,,0.35
272,SN2000E,0.00475,1.09,0.05,Ia-norm,0.3168,0.0,0.3168,1.7,0.7,-0.10570978917294344,0.217,https://iopscience.iop.org/article/10.3847/1538-4357/ab2a16/pdf,,,,,0.37192943692207336,0.10459795110764247,0.217
273,SN1998dk,0.013219,1.05,0.1,Ia-norm,0.0386,0.14,0.0,1.4,1.1,0.23855360759110839,,,,,,,0.04486362636089325,0.12244729048394731,0.23855360759110839
274,SN2005mz,0.017559,1.83,0.05,Ia-norm,0.1399,0.32299999999999995,0.0,1.1,1.7,,,,,,,,0.16286323964595795,,0.0
275,SN2011by,0.002843,1.14,0.0,Ia-norm,0.0119,0.0,0.013,1.1,1.1,0.09232685474758595,0.067,https://iopscience.iop.org/article/10.3847/1538-4357/ab2a16/pdf,,,,,0.013955963775515556,-0.054916635734326036,0.067
276,SN2006mp,0.026998678,1.026273553,0.07,Ia-99aa-like,0.0303,0.16,0.0,1.0,1.1,0.13445520533521016,,,,,,,0.03522392362356186,0.009511380267134939,0.13445520533521016
277,SN2002ha,0.0144,1.22,0.04,Ia-norm,0.0852,0.0,0.0,1.1,1.1,0.10215084469003578,,,,,,,0.1022261008620262,0.04671187628333939,0.10215084469003578
278,SN1997do,0.01012,0.94,0.05,Ia-norm,0.0534,0.213,0.0,1.3,0.7,0.15738046348224072,,,,,,,0.06174911931157113,0.06448718755386196,0.15738046348224072
279,SN1999ek,0.017522,1.14,0.03,Ia-norm,0.4794,0.0,0.4794,1.1,1.3,,0.277,https://iopscience.iop.org/article/10.3847/1538-4357/ab2a16/pdf,,,,,0.5681278109550476,,0.277
280,SN1995D,0.006561,1.05,0.03,Ia-norm,0.0484,0.0,0.0484,1.7,0.7,0.016617084629815093,,,,,,,0.0570964626967907,-0.08725639614144853,0.016617084629815093
281,SN2006ef,0.017902,1.201191665,0.07,Ia-norm,0.0201,0.18,0.0,1.7,0.7,0.11394201445262864,0.035,https://iopscience.iop.org/article/10.1088/0004-637X/789/1/32/pdf,,,,,0.023754389956593517,-0.021115989271308422,0.035
282,SN2006ak,0.0381,1.22,0.08,Ia-norm,0.0271,0.0,0.0271,1.2,1.1,0.21442152422872118,,,,,,,0.032857466489076614,0.0896139214490752,0.21442152422872118
283,SN2005bg,0.023086,1.06633512,0.07400000000000001,Ia-norm,0.0264,0.0,0.0264,,,,0.078,https://iopscience.iop.org/article/10.1088/0004-637X/789/1/32/pdf,,,,,0.03210136666893959,,0.078
284,SN2005ms,0.025204,1.021422082,0.07,Ia-norm,0.029,0.0,0.029,1.1,1.1,0.14406704167038759,,,,,,,0.03392595425248146,0.018027384608320318,0.14406704167038759
285,SN1997Y,0.015865999999999998,1.15,0.09,Ia-norm,0.0142,0.0,0.0142,1.3,0.9,0.09965003064526173,,,,,,,0.016663549467921257,-0.04463649757001065,0.09965003064526173
286,SN2006ej,0.020452,1.266591743,0.07,Ia-norm,0.0296,0.2,0.0,1.3,0.9,0.11692254472551056,0.016,https://iopscience.iop.org/article/10.3847/1538-4357/ab2a16/pdf,0.059,https://iopscience.iop.org/article/10.1088/0004-637X/789/1/32/pdf,,,0.035134952515363686,-0.0019277917673612421,0.059
287,SN1994T,0.034656,1.51,0.08,Ia-norm,0.0253,0.0,0.0253,0.5,1.7,,,,,,,,0.024001039564609528,,0.0
288,SN2004dt,0.01973,1.14,0.04,Ia-norm,0.0212,0.0,0.0212,,,0.1429019851390687,0.0,https://www.aanda.org/articles/aa/pdf/2007/44/aa7487-07.pdf,,,,,0.02654051780700684,0.008243048688648003,0.0
289,SN2007jg,0.037131,1.17,0.05,Ia-norm,0.0904,0.0,0.0904,1.9,0.6,0.1259220458163517,0.15,https://iopscience.iop.org/article/10.3847/1538-4357/ab2a16/pdf,0.108,https://iopscience.iop.org/article/10.1088/0004-637X/789/1/32/pdf,,,0.10613872855901718,0.07177438080524468,0.108
290,SN2007on,0.0064944930000000005,1.641064228,0.07400000000000001,Ia-norm,0.0098,0.0,0.0098,1.2,1.1,0.06020171330525609,0.0,https://arxiv.org/pdf/1702.06585.pdf,,,,,0.01152999047189951,-0.00932872219393488,0.0
291,SN1995E,0.011575,1.16,0.05,Ia-norm,0.0229,0.0,0.0229,1.1,1.3,0.8574085018134128,0.77,https://academic.oup.com/mnras/article/479/3/3663/5040246,,,,,0.026500772684812542,0.7232635502580003,0.77
292,SN2007ba,0.038513,1.89,0.05,Ia-91bg,0.0315,0.0,0.0315,1.2,1.1,0.0,0.15,https://arxiv.org/pdf/1702.06585.pdf,,,,,0.036718517541885376,0.24958833372225442,0.15
293,SN2003hv,0.0056240000000000005,1.31,0.05,Ia-norm,0.0133,0.0,0.0133,1.5,0.9,0.07838514916875872,0.0,https://iopscience.iop.org/article/10.3847/1538-4357/ab2a16/pdf,,,,,0.01526845060288906,-0.05582935486557261,0.0
294,SN2002cx,0.023963,1.51,0.09,Iax,0.0278,0.032,0.0,,,,0.05,https://iopscience.iop.org/article/10.1088/0004-637X/767/1/57/pdf,,,,,0.0322704017162323,,0.05
295,SN1994M,0.0232,1.26,0.06,Ia-norm,0.0199,0.18,0.0,1.3,1.1,0.18302710684942392,,,,,,,0.02278881333768368,0.051237537004432454,0.18302710684942392
296,SN1999cw,0.012372,0.94,0.05,Ia-norm,0.0296,0.0,0.0296,1.7,0.9,0.012480323806133786,0.05,https://arxiv.org/pdf/astro-ph/0410476.pdf,,,,,0.035848699510097504,-0.10631337192371859,0.05
297,SN2017cbv,0.00399,1.06,0.0,Ia-norm,0.1452,0.0,0.1452,0.7,1.3,-0.114368475904703,0.0,https://arxiv.org/pdf/1706.08990.pdf,,,,,0.1687379777431488,-0.10684584074610015,0.0
298,SN2002bf,0.024197,1.12,0.08,Ia-norm,0.0092,0.18,0.0,1.3,1.1,,,,,,,,0.011204391717910768,,0.0
299,SN1998ef,0.017741999999999997,1.27,0.07,Ia-norm,0.0631,0.2,0.0,0.5,1.9,-0.0639898241840397,,,,,,,0.07369804382324219,-0.14396104089018635,-0.0639898241840397
300,SN2006gt,0.044771,1.66,0.05,Ia-91bg,0.0323,0.0,0.0323,1.9,0.3,0.18438867688707966,0.04,https://arxiv.org/pdf/1702.06585.pdf,,,,,0.037250734865665436,0.14631478788257368,0.04
301,SN2007ae,0.064387,0.98,0.06,Ia-norm,0.0386,0.0,0.0,1.3,1.1,,,,,,,,0.044801071286201484,,0.0
302,SN1999cp,0.00948,0.98,0.07,Ia-norm,0.0212,0.0,0.0212,1.1,1.1,0.07206194200965338,0.04,Jiawen,,,,,0.0245564766228199,-0.06109449911712517,0.04
303,SN2006kf,0.021301,1.55,0.03,Ia-norm,0.2097,0.0,0.2097,1.5,0.7,-0.0635391394008375,0.006999999999999999,https://iopscience.iop.org/article/10.3847/1538-4357/ab2a16/pdf,0.032,https://iopscience.iop.org/article/10.1088/0004-637X/789/1/32/pdf,,,0.24552930891513824,0.07610000768034553,0.006999999999999999
304,SN2003gq,0.021448,1.69,0.19,Iax,0.06,0.0,0.06,1.8,1.9,,0.4,https://iopscience.iop.org/article/10.1088/0004-637X/767/1/57/pdf,,,,,0.06934433430433272,,0.4
305,SN2003ae,0.032857,1.210128557,0.07400000000000001,Ia-norm,0.0204,0.0,0.0,,,,,,,,,,0.024330837652087208,,0.0
306,SN2007A,0.0171,0.95,0.05,Ia-norm,0.0631,0.04,0.0,1.1,1.1,0.2092717259657148,0.225,https://iopscience.iop.org/article/10.3847/1538-4357/ab2a16/pdf,0.259,https://iopscience.iop.org/article/10.1088/0004-637X/789/1/32/pdf,,,0.07371006906032562,0.1274893142491038,0.225
307,SN1994ae,0.004266,0.96,0.04,Ia-norm,0.0262,0.0,0.0262,1.1,1.1,0.1062452222553446,,,,,,,0.030709240585565567,-0.01933313377222845,0.1062452222553446
308,SN2001bg,0.007122,1.06,0.03,Ia-norm,0.0338,0.0,0.0338,1.2,1.1,0.24809767396239657,,,,,,,0.03916812315583229,0.1260504545336829,0.24809767396239657
309,ASASSN-14lp,0.0051,0.8,0.01,Ia-norm,0.0213,0.32,0.022,1.5,0.8,0.16898963992332233,0.33,https://iopscience.iop.org/article/10.3847/0004-637X/826/2/144/pdf,,,,,0.0247724037617445,0.05679246384273284,0.33
310,SN1998de,0.016471,1.88,0.05,Ia-norm,0.0495,0.139,0.0,,,,,,,,,,0.05935512110590935,,0.0
311,SN2000cx,0.0081,0.99,0.02,Ia-pec,0.0698,0.083,0.0,1.3,1.0,0.12461517371869812,0.0,https://academic.oup.com/mnras/article/436/2/1225/1127597,,,,,0.08153032511472702,0.04780237650036412,0.0
312,SN2006ac,0.023106,1.2,0.03,Ia-norm,0.0136,0.04,0.0,0.8,1.2,0.2766225258385125,0.066,https://iopscience.iop.org/article/10.3847/1538-4357/ab2a16/pdf,,,,,0.015722066164016724,0.1334660573894766,0.066
313,SN1981B,0.006031,1.056649558,0.07400000000000001,Ia-norm,0.0157,0.0,0.0157,,,0.19307873881399146,0.11,https://www.jstor.org/stable/pdf/40678120.pdf?refreqid=excelsior%3A6fcd3a834aa6a5f1eb6b09f2a7c35340&ab_segments=&origin=&initiator=&acceptTC=1,,,,,0.018273219466209408,0.05021271148654094,0.11
314,SN1998bu,0.0029920000000000003,1.03,0.02,Ia-norm,0.0217,0.395,0.0,0.8,1.2,0.30834611300585046,0.35100000000000003,https://iopscience.iop.org/article/10.3847/1538-4357/ab2a16/pdf,0.38,https://academic.oup.com/mnras/article/479/3/3663/5040246,,,0.02518058568239212,0.17321247294905362,0.35100000000000003
315,SN2006ax,0.016738999999999997,1.06,0.03,Ia-norm,0.041,0.0,0.041,1.4,1.1,0.012331316511323465,0.009000000000000001,https://iopscience.iop.org/article/10.1088/0004-637X/704/2/1036,0.0,https://iopscience.iop.org/article/10.3847/1538-4357/ab2a16/pdf,0.016,https://iopscience.iop.org/article/10.1088/0004-637X/789/1/32/pdf,0.050278909504413605,-0.09860511656880888,0.009000000000000001
316,SN2003U,0.028341,1.46,0.1,Ia-norm,0.0242,0.0,0.0,1.1,1.0,0.12012022857591181,,,,,,,0.029637949541211125,0.023809078779237325,0.12012022857591181
317,SN1990O,0.030664,0.987955962,0.07,Ia-norm,0.0807,0.0,0.0807,,,,,,,,,,0.09514250606298448,,0.0
318,SN1990N,0.0033950000000000004,0.943599628,0.07400000000000001,Ia-norm,0.0223,0.0,0.0223,,,,,,,,,,0.025907685980200768,,0.0
319,SN1999cc,0.031327999999999995,1.35,0.06,Ia-norm,0.0174,0.2,0.0,,,,,,,,,,0.02278294414281845,,0.0
320,SN2007qe,0.02,1.03,0.04,Ia-norm,0.0332,0.0,0.0332,1.2,0.9,0.1100747805039044,0.069,https://iopscience.iop.org/article/10.3847/1538-4357/ab2a16/pdf,,,,,0.03831024840474129,-0.011929196830543276,0.069
321,SN2004L,0.032346,1.12,0.07,Ia-norm,0.0268,0.0,0.0,,,,,,,,,,0.031839046627283096,,0.0
322,SN1999da,0.012695,1.9,0.05,Ia-91bg,0.0449,0.0,0.0449,1.5,1.0,0.0,,,,,,,0.051408380270004266,0.6342228837895085,0.0
323,SN2005be,0.035,1.49,0.05,Ia-norm,0.0294,0.2,0.0,1.2,1.1,0.07333481623493349,0.0,https://iopscience.iop.org/article/10.1088/0004-637X/789/1/32/pdf,,,,,0.03400299698114395,-0.012419878334323897,0.0
324,SN2005am,0.007899,1.3,0.05,Ia-norm,0.0433,0.07400000000000001,0.0,1.3,1.1,0.1437944379711975,0.053,https://iopscience.iop.org/article/10.1088/0004-637X/789/1/32/pdf,,,,,0.05363275483250618,0.04681518868479273,0.053
325,SN2008R,0.0135,1.54,0.05,Ia-norm,0.0618,0.0,0.0618,1.0,1.3,0.08701156306777863,0.009000000000000001,https://arxiv.org/pdf/1702.06585.pdf,,,,,0.07211724668741226,0.05078991704755964,0.009000000000000001
326,SN2006td,0.015880000000000002,1.379582116,0.07,Ia-norm,0.076,0.1,0.0,,,,,,,,,,0.08838461339473724,,0.0
327,SN2006mo,0.037002,1.565199499,0.07,Ia-norm,0.0383,0.18,0.0,0.8,1.1,,,,,,,,0.044580306857824326,,0.0
328,SN2006is,0.031421,0.852109517,0.07,Ia-norm,0.029,0.0,0.029,1.9,0.7,0.130868508318206,0.0,https://iopscience.iop.org/article/10.1088/0004-637X/789/1/32/pdf,,,,,0.03368092328310013,0.019743121843735167,0.0
329,SN2005cf,0.006461,1.1,0.03,Ia-norm,0.0841,0.218,0.0,1.4,0.8,0.08778980069277709,0.08800000000000001,https://iopscience.iop.org/article/10.3847/1538-4357/ab2a16/pdf,,,,,0.0974162369966507,0.023558838654462733,0.08800000000000001
330,SN2007ax,0.006878,1.87,0.05,Ia-91bg,0.0446,0.204,0.0,0.9,1.9,0.0,0.213,https://arxiv.org/pdf/1702.06585.pdf,,,,,0.05380196496844292,0.7402329903094191,0.213
331,SN2003cg,0.00413,1.26,0.05,Ia-norm,0.0265,1.331,0.0,1.1,1.1,1.3553064237066947,1.27,https://academic.oup.com/mnras/article/479/3/3663/5040246,,,,,0.03090542741119862,1.231633467935218,1.27
332,SN2003du,0.006384,1.07,0.06,Ia-norm,0.0081,0.03,0.0,,,0.050679278675230865,0.0,https://iopscience.iop.org/article/10.3847/1538-4357/ab2a16/pdf,,,,,0.010021917521953584,-0.10070457186069603,0.0
333,SN1999gp,0.026745,0.87,0.04,Ia-norm,0.0472,0.0,0.0472,,,,,,,,,,0.055899787694215775,,0.0
334,SN2001br,0.020628,1.16,0.04,Ia-norm,0.0557,0.0,0.0557,1.7,0.7,0.27997472100826853,,,,,,,0.06457832455635071,0.18390732132439425,0.27997472100826853
335,SN1993ac,0.049,1.19,0.1,Ia-norm,0.1409,0.0,0.1409,1.1,1.1,,,,,,,,0.1616462767124176,,0.0
336,SN2000B,0.019827,1.46,0.05,Ia-norm,0.0579,0.18,0.0,,,,,,,,,,0.06881819665431976,,0.0
337,SN2007au,0.020584,1.69,0.05,Ia-norm,0.0584,0.0,0.0584,1.7,1.9,0.17316391919152468,,,,,,,0.0671006515622139,0.17443088070876556,0.17316391919152468
338,SN2007jh,0.040796,1.7585466180000002,0.07400000000000001,Ia-86G-like,0.0902,0.0,0.0902,,,,0.16899999999999998,https://iopscience.iop.org/article/10.1088/0004-637X/789/1/32/pdf,,,,,0.10360541939735413,,0.16899999999999998
339,SN2008fp,0.005664,0.979300806,0.07400000000000001,Ia-norm,0.1686,0.0,0.1686,1.5,0.6,0.4839908858899758,0.578,https://iopscience.iop.org/article/10.1088/0004-637X/789/1/32/pdf,0.53,https://academic.oup.com/mnras/article/479/3/3663/5040246,,,0.19610877335071564,0.5224328611518736,0.53
340,SN2006ob,0.059239,1.5602525859999998,0.07,Ia-norm,0.0285,0.0,0.0,,,,0.045,https://iopscience.iop.org/article/10.1088/0004-637X/789/1/32/pdf,,,,,0.033117607235908515,,0.045
341,SN1999X,0.025171,1.11,0.08,Ia-norm,0.0272,0.12,0.0,0.3,0.7,,,,,,,,0.03182338550686836,,0.0
342,SN2006py,0.0579,1.147860366,0.07400000000000001,Ia-norm,0.0518,0.0,0.0518,0.3,0.5,0.334206407388834,0.142,https://iopscience.iop.org/article/10.1088/0004-637X/704/2/1036,0.154,https://iopscience.iop.org/article/10.1088/0004-637X/789/1/32/pdf,,,0.060121007263660424,0.2333193564326912,0.154
343,SN2007S,0.0139,0.94,0.03,Ia-91T,0.0224,0.518,0.0,1.4,0.9,0.5016574722653073,0.478,https://iopscience.iop.org/article/10.1088/0004-637X/789/1/32/pdf,0.42,https://academic.oup.com/mnras/article/479/3/3663/5040246,,,0.02781092934310436,0.37482600636846186,0.478
344,SN2007O,0.036212,1.136139751,0.07,Ia-norm,0.0182,0.04,0.0,,,,,,,,,,0.023142315447330475,,0.0
345,SN2012ht,0.003559000000000001,1.39,0.0,Ia-norm,0.0252,0.0,0.0252,1.4,1.0,0.0736077500169538,,,,,,,0.0292586088180542,-0.03560479613188505,0.0736077500169538
346,SN2007al,0.012175,1.89,0.05,Ia-91bg,0.036000000000000004,0.172,0.0,1.3,1.1,,,,,,,,0.04200977832078934,,0.0
