,Unnamed: 0,ObjName,Redshift,DM15,DM15err,Subtype,EBV,EBVhost,EBVmw,pivot,slope,EBVhostNew,EBVPaper1,Source1,EBVPaper2,Source2,EBVPaper3,Source3,EBVmwSFD,maxBV,EBVfinal
0,0,SN2000cw,0.0301,1.22,0.04,Ia-norm,0.0613,0.0,0.0613,1.5,1.0,0.0578473273342853,0.11,Jiawen,,,,,0.0720212310552597,-0.0277965108791775,0.11
1,1,SN2006gr,0.034597,0.81,0.07,Ia-norm,0.0727,0.265,0.0,1.4,0.8,0.1226369433043249,0.06,http://researchonline.ljmu.ac.uk/id/eprint/5454/1/2017ashallphd.pdf,,,,,0.0851095989346504,0.0691573386804051,0.06
2,2,SN1999dq,0.014327,0.86,0.04,Ia-99aa-like,0.0936,0.29,0.0,1.2,1.2,0.1457858565337073,0.11,http://researchonline.ljmu.ac.uk/id/eprint/5454/1/2017ashallphd.pdf,,,,,0.109112836420536,0.1090358482307394,0.11
3,3,SN2004gs,0.027425,1.41,0.11,Ia-norm,0.0257,0.0,0.0257,1.6,0.9,0.2384152209525014,0.223,https://iopscience.iop.org/article/10.1088/0004-637X/704/2/1036,0.189,https://iopscience.iop.org/article/10.3847/1538-4357/ab2a16/pdf,,,0.0307873412966728,0.134034204734661,0.223
4,4,SN2001cp,0.022402,0.88,0.03,Ia-norm,0.1332,0.0,0.1332,0.8,1.6,0.0590031495142878,0.05,http://researchonline.ljmu.ac.uk/id/eprint/5454/1/2017ashallphd.pdf,,,,,0.1565635949373245,0.0671792060798033,0.05
5,5,SN2008bq,0.034007,1.001306446,0.074,Ia-norm,0.0774,0.0,0.0774,1.1,1.1,0.1764190263229223,0.136,https://iopscience.iop.org/article/10.1088/0004-637X/789/1/32/pdf,,,,,0.0904238000512123,0.1078533794318303,0.136
6,6,SN2005A,0.0191,1.11,0.05,Ia-norm,0.0259,0.0,0.0259,,,,1.129,https://iopscience.iop.org/article/10.1088/0004-637X/789/1/32/pdf,1.04,https://academic.oup.com/mnras/article/479/3/3663/5040246,,,0.0301906708627939,,1.129
7,7,SN1998dh,0.008969,1.17,0.06,Ia-norm,0.058,0.218,0.0,1.3,1.1,0.3484868666531673,0.12,Jiawen,,,,,0.0673028975725174,0.2555033706555605,0.12
8,8,SN2006qo,0.030455,0.997807701,0.07,Ia-norm,0.0324,0.0,0.0324,,,,,,,,,,0.0394602939486503,,0.0
9,9,SN2006N,0.014277,1.5,0.03,Ia-norm,0.0826,0.18,0.0,1.4,1.0,0.1139977285831184,0.0,https://iopscience.iop.org/article/10.3847/1538-4357/ab2a16/pdf,,,,,0.096009686589241,0.0924235038484226,0.0
10,10,SN2001en,0.015871,1.12,0.07,Ia-norm,0.0464,0.14,0.0,1.1,1.1,0.2027721380113784,,,,,,,0.0539376959204673,0.0951765556985648,0.2027721380113784
11,11,SN2001cj,0.024233,0.96,0.03,Ia-norm,0.012,0.0,0.012,1.1,1.1,0.0803761142574565,,,,,,,0.014069546945393,-0.061841935410289,0.0803761142574565
12,12,SN2007cq,0.0262,1.2,0.06,Ia-norm,0.0922,0.1,0.0,1.1,1.1,0.2097863563824132,0.051,https://iopscience.iop.org/article/10.3847/1538-4357/ab2a16/pdf,,,,,0.108719915151596,0.1596277369209566,0.051
13,13,SN2006gj,0.028293,1.48,0.05,Ia-norm,0.0705,0.0,0.0705,1.8,0.9,0.3461929882480916,0.246,https://iopscience.iop.org/article/10.1088/0004-637X/789/1/32/pdf,0.33,https://academic.oup.com/mnras/article/479/3/3663/5040246,,,0.0842538103461265,0.3085703158716022,0.33
14,14,SN1999ee,0.011415,0.958118821,0.07,Ia-91T,0.0172,0.0,0.0172,0.9,1.1,0.1457619748361163,0.384,https://iopscience.iop.org/article/10.3847/1538-4357/ab2a16/pdf,0.31,https://academic.oup.com/mnras/article/479/3/3663/5040246,,,0.0200644452124834,0.0096842011913054,0.31
15,15,SN1980N,0.005871,1.131570526,0.074,Ia-norm,0.018,0.0,0.018,,,,,,,,,,0.0208926703780889,,0.0
16,16,SN2007ap,0.015818,1.37,0.09,Ia-norm,0.0276,0.0,0.0276,1.2,1.1,0.1233072529907289,,,,,,,0.0325762182474136,0.0143294606999688,0.1233072529907289
17,17,SN1997E,0.013539,1.4,0.04,Ia-norm,0.1101,0.2,0.0,,,0.1064142347711545,,,,,,,0.1273932009935379,0.0969601866096532,0.1064142347711545
18,18,SN2006nz,0.044351,1.7723828430000002,0.07,Ia-norm,0.0345,0.0,0.0345,,,0.0,,,,,,,0.0399209670722484,0.7952136104401895,0.0
19,19,SN2006D,0.0086,1.35,0.05,Ia-norm,0.0394,0.0,0.0394,1.3,1.1,0.0963854434048743,0.062,https://iopscience.iop.org/article/10.3847/1538-4357/ab2a16/pdf,0.134,https://academic.oup.com/mnras/article/480/2/1445/5056728,,,0.0456979647278785,-0.0023335189627822,0.062
20,20,SN2003ch,0.02862,1.22,0.07,Ia-norm,0.0609,0.16,0.0,1.3,1.0,0.1224000683260536,,,,,,,0.0701761841773986,0.0349111832347297,0.1224000683260536
21,21,SN1998bp,0.010431,1.79,0.05,Ia-91bg,0.0667,0.087,0.0,,,,,,,,,,0.078066848218441,,0.0
22,22,SN1998ec,0.0199,1.08,0.09,Ia-norm,0.072,0.0,0.072,1.1,1.1,0.2841020799650098,,,,,,,0.0845016166567802,0.2070624770921298,0.2841020799650098
23,23,SN2001ba,0.029557,1.033528737,0.07,Ia-norm,0.0537,0.0,0.0537,,,,0.0,https://iopscience.iop.org/article/10.3847/1538-4357/ab2a16/pdf,,,,,0.0638348087668418,,0.0
24,24,SN2007bc,0.0208,1.37,0.05,Ia-norm,0.0186,0.0,0.0186,1.3,1.1,0.0727970128222864,0.039,https://iopscience.iop.org/article/10.3847/1538-4357/ab2a16/pdf,0.207,https://iopscience.iop.org/article/10.1088/0004-637X/789/1/32/pdf,,,0.0216509588062763,-0.0471060389096109,0.039
25,25,SN2012dn,0.010187,1.08,0.0,Ia-supCh,0.0519,0.0,0.0519,0.2,0.7,,0.12,https://academic.oup.com/mnras/article/443/2/1663/2908019,,,,,0.0607247576117515,,0.12
26,26,SN2001el,0.003896,1.051452536,0.074,Ia-norm,0.0121,0.0,0.0121,1.2,1.1,0.2407267781246557,0.277,https://iopscience.iop.org/article/10.3847/1538-4357/ab2a16/pdf,,,,,0.0142077840864658,0.0939255610256104,0.277
27,27,SN1995al,0.00514,0.87,0.04,Ia-norm,0.0117,0.0,0.0117,1.3,1.1,0.243528633407581,,,,,,,0.0135061321780085,0.1098820906211308,0.243528633407581
28,28,SN2006lu,0.0481889,1.045460582,0.074,Ia-norm,0.0986,0.18,0.0,,,,0.028,https://iopscience.iop.org/article/10.1088/0004-637X/789/1/32/pdf,,,,,0.1154208406805992,,0.028
29,29,SN1997bq,0.009346,1.14,0.06,Ia-norm,0.0231,0.0,0.0231,1.2,1.1,0.3111364762116895,,,,,,,0.0250199399888515,0.1749569619431135,0.3111364762116895
30,30,SN2000cn,0.023493,1.51,0.08,Ia-norm,0.048,0.18,0.0,0.5,1.3,0.0567340075192447,0.17,Jiawen,,,,,0.0570074804127216,-0.0016136537528588,0.17
31,31,SN2002kf,0.0193,1.2,0.07,Ia-norm,0.0994,0.136,0.0,1.3,0.9,0.1390698187926494,0.117,https://academic.oup.com/mnras/article/425/3/1789/979673,,,,,0.1165928691625595,0.0967841533421562,0.117
32,32,SN2005hc,0.04594,1.03,0.04,Ia-norm,0.028,0.04,0.0,,,,0.095,https://iopscience.iop.org/article/10.1088/0004-637X/704/2/1036,0.049,https://iopscience.iop.org/article/10.1088/0004-637X/789/1/32/pdf,,,0.0327220633625984,,0.095
33,33,SN2001da,0.017195,1.12,0.03,Ia-norm,0.05,0.2,0.0,1.2,1.1,0.2666265343455289,,,,,,,0.0580208115279674,0.1631140676402154,0.2666265343455289
34,34,SN2007bd,0.030908,1.3,0.08,Ia-norm,0.0289,0.08,0.0,1.1,1.3,0.2332291737476335,0.0,https://iopscience.iop.org/article/10.3847/1538-4357/ab2a16/pdf,0.058,https://iopscience.iop.org/article/10.1088/0004-637X/789/1/32/pdf,,,0.0339705310761928,0.1165877007049154,0.058
35,35,SN1995ac,0.050055,0.77,0.04,Ia-91T,0.0365,0.0,0.0365,,,,,,,,,,0.0424149446189403,,0.0
36,36,SN2006cc,0.032529,0.97,0.03,Ia-norm,0.0115,0.0,0.0115,1.2,1.1,0.3585330446997784,0.44,https://academic.oup.com/mnras/article/479/3/3663/5040246,,,,,0.0145809156820178,0.2160862179916378,0.44
37,37,SN1991S,0.054453,1.031571688,0.074,Ia-norm,0.0229,0.0,0.0229,1.0,1.2,0.2337474782649135,,,,,,,0.0269897393882274,0.1003635016868571,0.2337474782649135
38,38,SN2007if,0.0742,0.71,0.06,Ia-norm,0.0715,0.0,0.0715,1.8,0.8,0.0130964899194506,0.0,https://iopscience.iop.org/article/10.1088/0004-637X/789/1/32/pdf,,,,,0.082589216530323,-0.0242339083371341,0.0
39,39,SN1996C,0.027,0.93,0.06,Ia-norm,0.0115,0.0,0.0115,,,,,,,,,,0.0140427472069859,,0.0
40,40,SN2010ev,0.0092,1.12,0.0,Ia-norm,0.0892,0.0,0.0892,1.0,1.2,0.3503565225166578,0.32,https://www.aanda.org/articles/aa/pdf/2016/06/aa27228-15.pdf,0.28,https://academic.oup.com/mnras/article/479/3/3663/5040246,,,0.1037026196718216,0.2925258639551984,0.32
41,41,SN1994S,0.015177,0.94,0.06,Ia-norm,0.0182,0.2,0.0,1.4,1.0,0.145021223379384,,,,,,,0.0210275538265705,0.0114063819660046,0.145021223379384
42,42,SN1997cn,0.0161949999999999,1.9,0.05,Ia-91bg,0.0229,0.037,0.0,,,,0.0,https://arxiv.org/pdf/astro-ph/9808013.pdf,,,,,0.026751235127449,,0.0
43,43,SN2015F,0.00489,1.26,0.1,Ia-norm,0.1749,0.04,0.179,1.8,1.6,0.0659832599713124,0.035,https://academic.oup.com/mnras/article/464/4/4476/2417406,,,,,0.2032039016485214,0.1146087784371587,0.035
44,44,SN2006bq,0.021905,1.29,0.06,Ia-norm,0.0507,0.18,0.0,1.1,1.1,0.2076104689515966,,,,,,,0.0591528564691543,0.1150772540648468,0.2076104689515966
45,45,SN2012cg,0.00146,1.039,0.0,Ia-norm,0.0179,0.18,0.018,1.6,0.7,0.2728193733699697,0.18,https://arxiv.org/pdf/1507.07261.pdf,,,,,0.0206655357033014,0.132848398763457,0.18
46,46,SN2001ic,0.044237,1.236482598,0.074,Ia-norm,0.0591,0.2,0.0,,,,,,,,,,0.0681499168276786,,0.0
47,47,SN2007ci,0.018126,1.6,0.05,Ia-norm,0.0224,0.066,0.0,1.4,1.4,-0.0121411150372404,,,,,,,0.0258186776190996,-0.0791440696462437,-0.0121411150372404
48,48,SN1991M,0.0072349999999999,1.22157571,0.074,Ia-norm,0.0327,0.0,0.0327,1.8,0.7,0.222960280315102,,,,,,,0.0378951579332351,0.1032953181026172,0.222960280315102
49,49,SN1996Z,0.007575,1.22,0.1,Ia-norm,0.0547,0.0,0.0547,,,,,,,,,,0.06348617374897,,0.0
50,50,SN2006or,0.021013,1.062676017,0.074,Ia-norm,0.0255,0.12,0.0,1.0,1.1,0.7677280522874737,,,,,,,0.0360362604260444,0.6424926247632676,0.7677280522874737
51,51,SN2009dc,0.021391,0.72,0.0,Ia-supCh,0.0597,0.0,0.0597,0.2,1.6,0.0013771835216056,,,,,,,0.0699566528201103,-0.0507000681825182,0.0013771835216056
52,52,SN2007F,0.023591,0.96,0.03,Ia-norm,0.0145,0.046,0.0,1.2,1.1,0.0941790369313387,,,,,,,0.0173605065792799,-0.0447480531025199,0.0941790369313387
53,53,SN1989B,0.002425,1.114693888,0.074,Ia-norm,0.0284,0.0,0.0284,1.2,1.1,0.0935161864749313,0.39,https://academic.oup.com/mnras/article/479/3/3663/5040246,,,,,0.033200018107891,-0.0348687289619178,0.39
54,54,SN2006eq,0.049509,1.62,0.05,Ia-norm,0.0416,0.0,0.0416,,,,0.11,https://iopscience.iop.org/article/10.1088/0004-637X/789/1/32/pdf,,,,,0.0479541383683681,,0.11
55,55,SN2009ig,0.00877,0.89,0.0,Ia-norm,0.0269,0.0,0.029,1.1,0.7,0.1820813375304217,0.003,https://arxiv.org/pdf/1109.0987.pdf,,,,,0.0322410352528095,0.0647549381960743,0.003
56,56,SN2004gu,0.045859,0.940148299,0.074,Ia-norm,0.0223,0.0,0.0223,1.4,0.7,0.2438948541917899,0.253,https://iopscience.iop.org/article/10.1088/0004-637X/704/2/1036,0.096,https://iopscience.iop.org/article/10.1088/0004-637X/789/1/32/pdf,,,0.0265463348478078,0.115785785564924,0.253
57,57,SN2006bz,0.027906,2.09,0.16,Ia-91bg,0.0086,0.0,0.0086,,,,,,,,,,0.0102577880024909,,0.0
58,58,SN2009Y,0.009353,1.21,0.0,Ia-norm,0.1016,0.0,0.1016,1.1,0.3,0.2549453154899342,0.1689999999999999,https://iopscience.iop.org/article/10.3847/1538-4357/ab2a16/pdf,,,,,0.1016194298863411,0.1982654539258277,0.1689999999999999
59,59,SN1994Q,0.029564,1.03,0.1,Ia-norm,0.0145,0.0,0.0,1.9,0.5,0.1430900483631314,,,,,,,0.017404705286026,0.0001805279099684,0.1430900483631314
60,60,SN2006fw,0.0835,1.287744372,0.074,Ia-norm,0.028,0.0,0.028,0.7,1.5,0.3282191228143437,0.262,https://iopscience.iop.org/article/10.1088/0004-637X/789/1/32/pdf,,,,,0.0326883755624294,0.2089867570544648,0.262
61,61,SN1996bv,0.016672,0.92,0.08,Ia-norm,0.0895,0.0,0.0895,,,,,,,,,,0.1051018759608268,,0.0
62,62,SN2003D,0.022109,1.7723828430000002,0.07,Ia-norm,0.05,0.0,0.05,0.9,1.2,0.0,,,,,,,0.0652281641960144,0.1098745726596028,0.0
63,63,SN2002bz,0.037152,1.310568878,0.066,Ia-norm,0.0167,0.0,0.0,,,,,,,,,,0.0188900642096996,,0.0
64,64,SN2006cs,0.023676,1.93525798,0.074,Ia-91bg,0.01,0.0,0.01,,,,,,,,,,0.0118416817858815,,0.0
65,65,SN1999ac,0.0095,1.23,0.03,Ia-norm,0.0385,0.186,0.0,0.5,1.4,0.134473814576822,0.06,Jiawen,,,,,0.0459911376237869,0.0234890844911284,0.06
66,66,SN2006et,0.022639,1.02,0.05,Ia-norm,0.0165,0.16,0.0,1.0,1.0,0.3104376947742122,0.254,https://iopscience.iop.org/article/10.1088/0004-637X/789/1/32/pdf,0.254,https://academic.oup.com/mnras/article/480/2/1445/5056728,,,0.0191675461828708,0.1697013331134726,0.254
67,67,SN2002cu,0.023323,1.35,0.03,Ia-norm,0.0535,0.0,0.0535,,,,,,,,,,0.0625926628708839,,0.0
68,68,SN2002hd,0.030835,1.16,0.11,Ia-norm,0.0321,0.0,0.0321,1.9,0.7,0.0142961548601931,,,,,,,0.0380196012556552,-0.1083299681243765,0.0142961548601931
69,69,SN2002hu,0.03,1.05,0.03,Ia-99aa-like,0.0382,0.0,0.0382,1.9,0.6,0.063310366048271,0.02,https://academic.oup.com/mnras/article/366/2/682/1217567,,,,,0.0446379631757736,-0.0530216142440096,0.02
70,70,SN2011fe,0.0008039999999999,1.108,0.0,Ia-norm,0.0077,0.0,0.008,1.0,1.1,0.3372043947657274,0.0,CoSe,,,,,0.0088248020038008,0.1844011778578362,0.0
71,71,SN2004fu,0.00921,1.08,0.07,Ia-norm,0.3345,0.0,0.3345,1.5,0.9,0.1805731644092392,,,,,,,0.3882629871368408,0.4072949320164198,0.1805731644092392
72,72,SN2013dy,0.00389,0.92,0.01,Ia-norm,0.132,0.21,0.135,1.4,0.9,0.215562887842375,0.206,https://academic.oup.com/mnras/article/452/4/4307/1064490,,,,,0.1534013748168945,0.2161869461620575,0.206
73,73,SN2007R,0.03088,1.276413461,0.07,Ia-norm,0.0377,0.0,0.0377,,,,,,,,,,0.0467812716960907,,0.0
74,74,SN2006cz,0.0418,1.034271808,0.074,Ia-99aa-like,0.0702,0.0,0.0702,1.5,1.1,0.2264067151294679,,,,,,,0.0831552445888519,0.1490892114357045,0.2264067151294679
75,75,SN2009F,0.012956,1.867255156,0.074,Ia-91bg,0.0895,0.0,0.0895,0.3,0.3,0.0,0.108,https://arxiv.org/pdf/1702.06585.pdf,,,,,0.103982575237751,0.462739405656194,0.108
76,76,SN2007ca,0.014066,0.89,0.04,Ia-norm,0.0571,0.0,0.0571,1.1,1.1,0.3785394542589896,0.376,https://iopscience.iop.org/article/10.3847/1538-4357/ab2a16/pdf,0.35,https://iopscience.iop.org/article/10.1088/0004-637X/789/1/32/pdf,0.29,https://academic.oup.com/mnras/article/479/3/3663/5040246,0.066833809018135,0.2958058286899678,0.376
77,77,SN2006en,0.0319389999999999,1.093740764,0.07,Ia-norm,0.0553,0.2,0.0,,,,,,,,,,0.0642776191234588,,0.0
78,78,SN2002cf,0.015501,1.78,0.11,Ia-91bg,0.0304,0.0,0.0304,2.0,2.0,0.0,,,,,,,0.0361893586814403,0.3765053975805266,0.0
79,79,SN2002hw,0.017535,1.44,0.08,Ia-norm,0.0932,0.0,0.0932,2.0,0.8,0.5876122521837346,0.55,https://academic.oup.com/mnras/article/479/3/3663/5040246,,,,,0.1053921803832054,0.563202668530014,0.55
80,80,SN2006te,0.031592,1.04,0.07,Ia-norm,0.0385,0.0,0.0,,,,,,,,,,0.0452481769025325,,0.0
81,81,SN2006cf,0.041552,1.08357496,0.07,Ia-norm,0.013,0.0,0.013,1.0,1.1,0.0945162385431789,,,,,,,0.0159626509994268,-0.051097413853359,0.0945162385431789
82,82,SN2006bt,0.032156,1.0,0.06,Ia-norm,0.0424,0.301,0.0,1.2,0.8,0.1814266439020965,0.313,https://iopscience.iop.org/article/10.3847/1538-4357/ab2a16/pdf,,,,,0.0500628501176834,0.072571138237631,0.313
83,83,SN2007cg,0.033196,1.05,0.1,Ia-norm,0.0686,0.0,0.0686,,,,0.76,https://academic.oup.com/mnras/article/479/3/3663/5040246,,,,,0.0819618478417396,,0.76
84,84,SN2004fz,0.017312,1.36,0.05,Ia-norm,0.0527,0.0,0.0527,1.7,1.7,0.0787664496447068,,,,,,,0.0613497458398342,-0.0028967655298544,0.0787664496447068
85,85,SN1996X,0.006945,1.26,0.04,Ia-norm,0.0596,0.0,0.0596,1.5,1.0,0.0567753908264071,,,,,,,0.0694277584552764,-0.0283752339009915,0.0567753908264071
86,86,SN2000cf,0.036425,1.16,0.05,Ia-norm,0.0284,0.2,0.0,,,,,,,,,,0.0334010608494281,,0.0
87,87,SN1992G,0.00529,1.094632894,0.074,Ia-norm,0.0168,0.0,0.0168,,,,,,,,,,0.0195065736770629,,0.0
88,88,SN2006ke,0.017182,1.251421151,0.074,Ia-91bg,0.1588,0.0,0.1588,,,,,,,,,,0.1880754232406616,,0.0
89,89,SN2006eu,0.023586,1.27,0.06,Ia-norm,0.1671,0.0,0.1671,,,,,,,,,,0.1939333826303482,,0.0
90,90,SN1992A,0.006261,1.47,0.05,Ia-norm,0.0144,0.027,0.0,1.0,1.1,0.3895345469022347,,,,,,,0.0170400254428386,0.2826342871460952,0.3895345469022347
91,91,SN2007as,0.017572,1.113965382,0.074,Ia-norm,0.1229,0.0,0.1229,1.5,0.8,0.167864073463323,0.138,https://iopscience.iop.org/article/10.3847/1538-4357/ab2a16/pdf,0.05,https://iopscience.iop.org/article/10.1088/0004-637X/789/1/32/pdf,,,0.1424278914928436,0.148701147797972,0.138
92,92,SN2005M,0.022,0.87,0.06,Ia-91T,0.0273,0.0,0.0273,1.1,1.1,0.1266874722050444,0.117,https://iopscience.iop.org/article/10.1088/0004-637X/704/2/1036,0.06,https://academic.oup.com/mnras/article/480/2/1445/5056728,,,0.0311955641955137,0.0107303614360994,0.117
93,93,SN2006sr,0.02414,1.24,0.06,Ia-norm,0.0804,0.2,0.0,1.2,1.0,0.1460678512735044,,,,,,,0.0941460728645324,0.0839822377237133,0.1460678512735044
94,94,SN1996bl,0.036,1.07,0.06,Ia-norm,0.0851,0.08,0.0,,,,,,,,,,0.0994253605604171,,0.0
95,95,SN2003cq,0.033283,1.2,0.06,Ia-norm,0.0171,0.1,0.0,0.9,1.3,0.1993550357014553,,,,,,,0.0202108845114707,0.0606873855998735,0.1993550357014553
96,96,SN1996bk,0.006665,1.78,0.05,Ia-norm,0.0156,0.0,0.0156,,,,,,,,,,0.0179879684001207,,0.0
97,97,SN2006bu,0.081,0.908304596,0.07,Ia-norm,0.022,0.0,0.022,,,,,,,,,,0.0256785303354263,,0.0
98,98,SN2007sr,0.005477,0.919,0.07,Ia-norm,0.0398,0.0,0.0398,1.3,1.1,0.2317310068088825,0.173,https://iopscience.iop.org/article/10.3847/1538-4357/ab2a16/pdf,,,,,0.0470677092671394,0.1261204252454675,0.173
99,99,SN2000bh,0.022809,1.11,0.09,Ia-norm,0.0469,0.0,0.0469,,,,0.065,https://iopscience.iop.org/article/10.3847/1538-4357/ab2a16/pdf,,,,,0.0506608039140701,,0.065
100,100,SN2001ex,0.026378,1.56,0.12,Ia-91bg,0.0452,0.0,0.0452,1.7,1.3,0.2655327479812457,,,,,,,0.0530068762600421,0.2151531844856435,0.2655327479812457
101,101,SN2002cr,0.0094,1.19,0.06,Ia-norm,0.0212,0.094,0.0,1.0,1.7,0.0921472052580896,,,,,,,0.0246212482452392,-0.0426343456116065,0.0921472052580896
102,102,SN2002dj,0.009393,1.19,0.05,Ia-norm,0.0816,0.0,0.0816,1.5,0.9,0.1687573349627193,0.093,https://iopscience.iop.org/article/10.3847/1538-4357/ab2a16/pdf,,,,,0.0951581448316574,0.1045126806794414,0.093
103,103,SN1998es,0.010567,0.85,0.04,Ia-99aa-like,0.0277,0.152,0.0,1.1,1.1,0.1996186699575302,0.14,Jiawen,,,,,0.0321207828819751,0.0872214048321637,0.14
104,104,SN2006S,0.032102,0.93,0.04,Ia-99aa-like,0.0139,0.177,0.0,1.2,1.1,0.1723305166310079,,,,,,,0.0166868809610605,0.0352800572314926,0.1723305166310079
105,105,SN2002G,0.033737,1.25,0.04,Ia-norm,0.0105,0.08,0.0,,,,0.39,https://academic.oup.com/mnras/article/479/3/3663/5040246,,,,,0.0126536078751087,,0.39
106,106,SN2005eq,0.028977,0.88,0.05,Ia-91T,0.0629,0.0,0.0629,1.2,1.2,0.1414328058133645,0.135,https://iopscience.iop.org/article/10.1088/0004-637X/704/2/1036,0.044,https://iopscience.iop.org/article/10.1088/0004-637X/789/1/32/pdf,,,0.0739845559000969,0.0670298233416524,0.135
107,107,SN2003W,0.020071,1.14,0.04,Ia-norm,0.0392,0.239,0.0,1.3,0.7,0.3646075361199936,,,,,,,0.0478060059249401,0.2512140877875062,0.3646075361199936
108,108,SN2006os,0.032809,1.070987498,0.07,Ia-norm,0.1254,0.0,0.1254,,,,0.471,https://iopscience.iop.org/article/10.1088/0004-637X/789/1/32/pdf,0.34,https://academic.oup.com/mnras/article/479/3/3663/5040246,,,0.1458637565374374,,0.471
109,109,SN2008bc,0.015087,0.94242142,0.074,Ia-norm,0.2251,0.0,0.2251,1.5,0.7,0.0397936163570852,0.003,https://iopscience.iop.org/article/10.3847/1538-4357/ab2a16/pdf,0.0,https://academic.oup.com/mnras/article/480/2/1445/5056728,,,0.2622175812721252,0.1471579172721,0.003
110,110,SN2006bw,0.030002,1.28,0.09,Ia-norm,0.0318,0.0,0.0318,1.2,1.1,0.2597196809455001,,,,,,,0.0374025963246822,0.1444171205635847,0.2597196809455001
111,111,SN2007hj,0.014113,1.95,0.06,Ia-norm,0.0747,0.0,0.0747,1.3,1.1,0.0,,,,,,,0.088098369538784,0.0743243908282877,0.0
112,112,SN2006gz,0.02363,0.69,0.04,Ia-supCh,0.0548,0.243,0.0,1.4,0.7,0.0678452902336838,0.18,https://iopscience.iop.org/article/10.1086/523301/pdf,,,,,0.0633229166269302,0.0156420544876958,0.18
113,113,SN1998eg,0.02476,1.14,0.05,Ia-norm,0.1055,0.202,0.0,,,,,,,,,,0.120657131075859,,0.0
114,114,SN2000ce,0.016305,1.0,0.08,Ia-norm,0.0473,0.0,0.0473,,,,0.57,https://academic.oup.com/mnras/article/479/3/3663/5040246,,,,,0.0565381944179534,,0.57
115,115,SN2008af,0.033507,1.33,0.08,Ia-norm,0.0291,0.08,0.0,,,,0.0,https://iopscience.iop.org/article/10.3847/1538-4357/ab2a16/pdf,,,,,0.0337034352123737,,0.0
116,116,SN2005bc,0.012272,1.32,0.05,Ia-norm,0.0089,0.0,0.0089,1.1,1.1,0.4880902240073475,0.43,https://academic.oup.com/mnras/article/479/3/3663/5040246,,,,,0.0104555245488882,0.3502468260038007,0.43
117,117,SN2007ai,0.031662,0.852109517,0.07,Ia-91T,0.286,0.0,0.286,,,,0.339,https://iopscience.iop.org/article/10.3847/1538-4357/ab2a16/pdf,0.16,https://iopscience.iop.org/article/10.1088/0004-637X/789/1/32/pdf,,,0.3313237726688385,,0.339
118,118,SN2001az,0.040695,1.09,0.06,Ia-norm,0.0424,0.14,0.0,1.4,0.7,0.0822888417294414,,,,,,,0.0506778471171855,-0.0286550077948604,0.0822888417294414
119,119,SN2000cu,0.020324,1.48,0.04,Ia-norm,0.0763,0.0,0.0763,1.2,1.1,0.1262638796284214,,,,,,,0.0883685275912284,0.0927559244970339,0.1262638796284214
120,120,SN2006cm,0.016341,1.04,0.07,Ia-norm,0.0414,0.0,0.0414,0.5,1.6,1.2610574820620122,1.1,https://academic.oup.com/mnras/article/479/3/3663/5040246,,,,,0.0479177720844745,1.148305683079684,1.1
121,121,SN2001gc,0.01929,1.067913277,0.074,Ia-norm,0.1801,0.0,0.1801,,,,,,,,,,0.2101816236972808,,0.0
122,122,SN2013aa,0.003999,0.8,0.0,Ia-norm,0.1458,0.0,0.1458,,,,0.0,https://iopscience.iop.org/article/10.3847/1538-4357/aab716/pdf,,,,,0.1698252260684967,,0.0
123,123,SN2002dl,0.0162509999999999,1.76,0.05,Ia-norm,0.0668,0.0,0.0668,,,,,,,,,,0.0775874182581901,,0.0
124,124,SN2004eo,0.015701,1.48242509,0.074,Ia-norm,0.093,0.0,0.093,1.1,1.1,0.0506781608080108,0.129,https://iopscience.iop.org/article/10.1088/0004-637X/704/2/1036,0.077,https://iopscience.iop.org/article/10.3847/1538-4357/ab2a16/pdf,0.128,https://academic.oup.com/mnras/article/480/2/1445/5056728,0.108019582927227,0.0373300362600623,0.077
125,125,SN1999gh,0.007679,1.69,0.05,Ia-norm,0.0502,0.069,0.0,1.3,1.6,0.1104021646592248,,,,,,,0.0575263686478138,0.1020948432620656,0.1104021646592248
126,126,SN2006mr,0.005871,1.916371927,0.074,Ia-91bg,0.0179,0.0,0.0179,,,,0.089,https://arxiv.org/pdf/1702.06585.pdf,0.0,https://academic.oup.com/mnras/article/388/1/421/1014538,,,0.0209079142659902,,0.089
127,127,SN2008L,0.0194,1.38,0.06,Ia-norm,0.1357,0.02,0.0,1.0,1.2,0.0578381019129198,,,,,,,0.1587979197502136,0.0765959463546614,0.0578381019129198
128,128,SN2002fb,0.015567,1.77,0.11,Ia-91bg,0.0763,0.229,0.0,1.3,1.7,0.0,,,,,,,0.0885056257247924,0.4393500768023806,0.0
129,129,SN2003Y,0.016942,1.65,0.08,Ia-91bg,0.0399,0.0,0.0399,,,,,,,,,,0.0476200506091117,,0.0
130,130,SN2005ku,0.045439,1.039873203,0.074,Ia-norm,0.0461,0.0,0.0461,,,,0.124,https://iopscience.iop.org/article/10.1088/0004-637X/789/1/32/pdf,,,,,0.0537832304835319,,0.124
131,131,SN2006br,0.02459,1.12,0.09,Ia-norm,0.0197,0.0,0.0197,,,,0.8959999999999999,https://iopscience.iop.org/article/10.1088/0004-637X/789/1/32/pdf,,,,,0.0245574098080396,,0.8959999999999999
132,132,SN1999ej,0.013723,1.48,0.03,Ia-norm,0.0605,0.2,0.0,,,,,,,,,,0.071915179491043,,0.0
133,133,SN2001V,0.015018,0.82,0.05,Ia-norm,0.0172,0.12,0.0,1.2,1.1,0.168746727327286,,,,,,,0.0195781085640192,0.0481709732997188,0.168746727327286
134,134,SN1991bg,0.003392,1.826828649,0.074,Ia-91bg,0.0344,0.0,0.0344,1.3,1.7,0.0,0.0,https://articles.adsabs.harvard.edu/pdf/1992AJ....104.1543F,,,,,0.0411295369267463,0.6385860307979243,0.0
135,135,SN1991T,0.0057909999999999,0.89854105,0.074,Ia-91T,0.0189,0.202,0.0,1.1,1.1,0.3339815452593492,0.21,Jiawen,,,,,0.0219059288501739,0.20535580756761,0.21
136,136,SN1999bh,0.017205,1.38,0.08,Ia-norm,0.012,0.0,0.012,,,,0.48,https://arxiv.org/pdf/1202.3140.pdf,,,,,0.0149234710261225,,0.48
137,137,SN2000cp,0.034204,1.09,0.09,Ia-norm,0.0421,0.0,0.0421,0.9,1.4,0.4941183348376988,0.51,https://academic.oup.com/mnras/article/479/3/3663/5040246,,,,,0.0500475950539112,0.3825442332501225,0.51
138,138,SN2005bo,0.013896,1.28,0.03,Ia-norm,0.0396,0.2,0.0,1.7,1.1,0.4195690239681676,0.272,https://iopscience.iop.org/article/10.3847/1538-4357/ab2a16/pdf,0.327,https://iopscience.iop.org/article/10.1088/0004-637X/789/1/32/pdf,,,0.0459674559533596,0.3128313232149295,0.327
139,139,SN1986G,0.001825,0.804213507,0.074,Ia-norm,0.0985,0.0,0.0985,2.0,0.6,1.1027286001102017,0.88,https://arxiv.org/pdf/1608.05244.pdf,1.0,https://academic.oup.com/mnras/article/479/3/3663/5040246,,,0.1144490167498588,1.0795189068666031,1.0
140,140,SN2005cc,0.007572,1.94,0.06,Iax,0.0056,0.0,0.0056,2.0,0.0,0.0,0.4,https://iopscience.iop.org/article/10.1088/0004-637X/767/1/57/pdf,,,,,0.0065246196463704,0.331034002653535,0.4
141,141,SN2002bo,0.00424,1.08,0.04,Ia-norm,0.0216,0.555,0.0,1.0,1.0,0.4679251014759773,0.43,https://arxiv.org/pdf/astro-ph/0309665.pdf,0.46,https://academic.oup.com/mnras/article/479/3/3663/5040246,,,0.0250673741102218,0.331451256056539,0.46
142,142,SN2006hb,0.015344,1.44,0.09,Ia-norm,0.0236,0.16,0.0,1.1,1.1,0.1466569885000013,0.029,https://iopscience.iop.org/article/10.1088/0004-637X/789/1/32/pdf,,,,,0.0272684376686811,0.0441236621317564,0.029
143,143,SN2008Z,0.02099,1.02,0.05,Ia-99aa-like,0.0099,0.0,0.0099,1.4,0.9,0.3552733740842879,,,,,,,0.0115522649139165,0.2069217311545941,0.3552733740842879
144,144,SN2002ck,0.029864,1.08,0.09,Ia-norm,0.0847,0.2,0.0,1.3,1.0,0.1334732130790963,,,,,,,0.0981299132108688,0.0700619067603049,0.1334732130790963
145,145,SN2001N,0.021025,1.106951303,0.07,Ia-norm,0.0215,0.0,0.0215,1.0,1.2,0.551964583628436,,,,,,,0.0269160885363817,0.4172481351899115,0.551964583628436
146,146,SN2007af,0.005464,1.04,0.05,Ia-norm,0.0338,0.1689999999999999,0.0,1.2,1.1,0.149328622694044,0.183,https://iopscience.iop.org/article/10.3847/1538-4357/ab2a16/pdf,0.178,https://iopscience.iop.org/article/10.1088/0004-637X/789/1/32/pdf,,,0.0391846410930156,0.0278436927202569,0.178
147,147,SN2005W,0.008889483,1.229578651,0.074,Ia-norm,0.0615,0.0,0.0615,,,,0.233,https://iopscience.iop.org/article/10.1088/0004-637X/789/1/32/pdf,,,,,0.0715162977576255,,0.233
148,148,SN2002eu,0.037626,1.52,0.08,Ia-norm,0.039,0.0,0.039,1.8,0.9,0.092444367098569,,,,,,,0.0454455874860286,0.024818572309929,0.092444367098569
149,149,SN2014J,0.000677,0.95,,Ia-norm,0.1358,1.19,0.054,1.3,0.7,1.2809870522706688,1.4,https://academic.oup.com/mnras/article/479/3/3663/5040246,,,,,0.1586315184831619,1.284126089976894,1.4
150,150,SN2005ls,0.021118,0.98,0.03,Ia-norm,0.0807,0.0,0.0807,1.1,1.1,0.3920702278258219,,,,,,,0.0930668711662292,0.3274241812424527,0.3920702278258219
151,151,SN2002fk,0.007125,1.13,0.03,Ia-norm,0.0344,0.0,0.0344,1.0,1.1,0.0444683376742628,,,,,,,0.0399759262800216,-0.0769495903670396,0.0444683376742628
152,152,SN2005ki,0.019207,1.41,0.07,Ia-norm,0.0267,0.0,0.0267,1.5,1.1,0.104877743215959,0.0,https://iopscience.iop.org/article/10.1088/0004-637X/704/2/1036,0.0,https://iopscience.iop.org/article/10.3847/1538-4357/ab2a16/pdf,0.016,https://iopscience.iop.org/article/10.1088/0004-637X/789/1/32/pdf,0.0319608449935913,0.0016702306950371,0.016
153,153,SN2006oa,0.06,0.89,0.07,Ia-norm,0.0352,0.0,0.0352,,,,,,,,,,0.0405552200973033,,0.0
154,154,SN2003hu,0.075,0.921925786,0.07,Ia-norm,0.052,0.0,0.052,,,,,,,,,,0.061317391693592,,0.0
155,155,SN1998V,0.017586,0.99,0.06,Ia-norm,0.17,0.286,0.0,,,,,,,,,,0.1966660469770431,,0.0
156,156,SN2005lz,0.044341,1.34,0.08,Ia-norm,0.077,0.2,0.0,,,,,,,,,,0.0898200049996376,,0.0
157,157,SN2005hf,0.04311,1.31,0.07,Ia-norm,0.0475,0.2,0.0,2.0,0.6,0.5001496984016486,,,,,,,0.0544313006103038,0.405098044374732,0.5001496984016486
158,158,SN2005ew,0.003,0.871909301,0.074,Ia-99aa-like,0.4283,0.0,0.4283,1.0,1.1,-0.1367876664597,,,,,,,0.5001208782196045,0.2159405186678924,-0.1367876664597
159,159,SN2005bl,0.02406,1.93,0.1,Ia-91bg,0.0251,0.198,0.0,1.9,1.8,0.0,0.257,https://iopscience.iop.org/article/10.1088/0004-637X/789/1/32/pdf,,,,,0.028937455266714,0.6844490614075802,0.257
160,160,SN1999ef,0.039137,1.06,0.05,Ia-norm,0.0728,0.0,0.0728,,,,,,,,,,0.0879614129662513,,0.0
161,161,SN1999aa,0.014443,0.78,0.02,Ia-99aa-like,0.0342,0.05,0.0,1.2,1.1,0.020856732870752,0.01,Jiawen,,,,,0.0397321134805679,-0.0729765934424726,0.01
162,162,SN2001ep,0.013129,1.3,0.06,Ia-norm,0.0388,0.198,0.0,1.1,1.1,0.1149913596550316,0.05,https://academic.oup.com/mnras/article/391/4/1605/1746876,,,,,0.0473449453711509,0.0117243009072716,0.05
163,163,SN1997dt,0.007318,1.04,0.15,Ia-norm,0.0484,0.0,0.0484,,,,0.52,https://academic.oup.com/mnras/article/479/3/3663/5040246,,,,,0.0562678202986717,,0.52
164,164,SN2001bf,0.015501,0.99,0.06,Ia-norm,0.0845,0.0,0.0845,1.2,1.0,0.0435356805911621,,,,,,,0.0987898334860801,-0.0160176082558187,0.0435356805911621
165,165,SN2008gp,0.033413,1.06460654,0.074,Ia-norm,0.1042,0.18,0.0,1.2,1.1,0.0120368092964995,0.0,https://iopscience.iop.org/article/10.3847/1538-4357/ab2a16/pdf,0.098,https://iopscience.iop.org/article/10.1088/0004-637X/789/1/32/pdf,,,0.1205745264887809,-0.0286985562297701,0.0
166,166,SN2006cq,0.048337,0.938834805,0.07,Ia-norm,0.0129,0.0,0.0,,,,,,,,,,0.0149748446419835,,0.0
167,167,SN1997cw,0.0171,0.979252905,0.074,Ia-norm,0.0629,0.0,0.0629,,,,0.3,https://iopscience.iop.org/article/10.3847/1538-4357/ab8e3e/pdf,,,,,0.0736170262098312,,0.3
168,168,SN2006lf,0.013206,1.3,0.06,Ia-norm,0.8161,1.029,0.8161,1.6,1.0,-0.1525935090747705,0.0,https://iopscience.iop.org/article/10.3847/1538-4357/ab2a16/pdf,,,,,0.9542590379714966,0.6510535247778151,0.0
169,169,SN2003it,0.025091,1.36,0.09,Ia-norm,0.06,0.118,0.0,,,,,,,,,,0.070698969066143,,0.0
170,170,SN2005hj,0.057,0.870415602,0.07,Ia-norm,0.0329,0.2,0.0,,,,0.17,https://iopscience.iop.org/article/10.1088/0004-637X/704/2/1036,0.066,,,,0.0387345366179943,,0.17
171,171,SN2006H,0.013993,1.83,0.05,Ia-91bg,0.1774,0.376,0.0,,,,,,,,,,0.2060557752847671,,0.0
172,172,SN2008ar,0.026147,1.1,0.05,Ia-norm,0.0311,0.12,0.0,1.6,0.9,0.1454710773386323,0.081,https://iopscience.iop.org/article/10.3847/1538-4357/ab2a16/pdf,,,,,0.036809854209423,0.0206337325130903,0.081
173,173,SN2001ay,0.030244,0.68,0.05,Ia-norm,0.0159,0.0,0.0159,1.9,0.5,0.1270796972249584,0.072,https://iopscience.iop.org/article/10.1088/0004-6256/142/3/74/pdf,,,,,0.0188981592655181,0.0327308760774265,0.072
174,174,SN2004ey,0.015786,1.008219619,0.074,Ia-norm,0.1191,0.04,0.0,1.6,0.9,-0.0019763863657931,0.0,https://iopscience.iop.org/article/10.1088/0004-637X/704/2/1036,0.006,https://iopscience.iop.org/article/10.3847/1538-4357/ab2a16/pdf,0.019,https://academic.oup.com/mnras/article/480/2/1445/5056728,0.1374277472496032,-0.0238986526992057,0.0
175,175,SN1994D,0.002058,1.37,0.03,Ia-norm,0.0191,0.0,0.0191,1.1,1.1,0.0982574914849344,0.05,https://adsabs.harvard.edu/pdf/1996MNRAS.278..111P,,,,,0.0222141426056623,-0.0210823764475769,0.05
176,176,SN2002jg,0.014987,1.42,0.07,Ia-norm,0.0567,0.0,0.0567,,,,,,,,,,0.0663733258843422,,0.0
177,177,SN2007bm,0.006211,1.09,0.05,Ia-norm,0.0354,0.0,0.0354,1.1,1.1,0.4516103085233616,0.606,https://iopscience.iop.org/article/10.1088/0004-637X/789/1/32/pdf,0.54,https://academic.oup.com/mnras/article/479/3/3663/5040246,,,0.0410305336117744,0.3310191454936486,0.54
178,178,SN2000dk,0.017442,1.62,0.05,Ia-norm,0.0589,0.2,0.0,1.1,1.1,0.0438914171114723,0.0,Jiawen,,,,,0.0704759135842323,0.0271580587775162,0.0
179,179,SN2006cj,0.067517,0.81,0.06,Ia-norm,0.01,0.14,0.0,1.3,1.1,0.0232937162694493,,,,,,,0.0118444086983799,-0.1034510785907407,0.0232937162694493
180,180,SN2002cs,0.015771,0.99,0.03,Ia-norm,0.0878,0.0,0.0878,0.7,0.5,0.6838727107747925,,,,,,,0.1077717542648315,0.633301342706563,0.6838727107747925
181,181,SN2004bk,0.023124,1.02,0.07,Ia-norm,0.0218,0.0,0.0218,1.1,1.1,0.1912171061488483,,,,,,,0.0253570694476366,0.0566702677528745,0.1912171061488483
182,182,SN2008ia,0.021942,1.213605344,0.074,Ia-norm,0.1954,0.0,0.1954,0.7,1.5,0.0584497382386586,0.003,https://iopscience.iop.org/article/10.3847/1538-4357/ab2a16/pdf,0.066,https://academic.oup.com/mnras/article/480/2/1445/5056728,,,0.2265017181634903,0.1268744861582575,0.066
183,183,SN2007nq,0.045031,1.47,0.05,Ia-norm,0.0312,0.2,0.0,1.2,1.1,0.1124499623780879,0.046,https://iopscience.iop.org/article/10.1088/0004-637X/789/1/32/pdf,,,,,0.0354472659528255,0.0239569431319353,0.046
184,184,SN2002he,0.024564,1.44,0.06,Ia-norm,0.0341,0.0,0.0341,1.1,1.1,0.1450220208980995,,,,,,,0.0396149158477783,0.0548351727089517,0.1450220208980995
185,185,SN2008C,0.017,1.11,0.05,Ia-norm,0.072,0.2,0.0,1.1,1.1,0.1358435006722218,0.239,https://iopscience.iop.org/article/10.3847/1538-4357/ab2a16/pdf,0.27,https://iopscience.iop.org/article/10.1088/0004-637X/789/1/32/pdf,,,0.0837764516472816,0.0580022259678081,0.239
186,186,SN2002dp,0.011639,1.12,0.04,Ia-norm,0.0422,0.0,0.0,1.3,1.1,0.1068211538352119,,,,,,,0.0489223450422287,-0.0057897793558403,0.1068211538352119
187,187,SN2005ag,0.079665,1.046518978,0.074,Ia-norm,0.0331,0.0,0.0331,,,,0.085,https://iopscience.iop.org/article/10.1088/0004-637X/704/2/1036,0.072,https://iopscience.iop.org/article/10.1088/0004-637X/789/1/32/pdf,,,0.0399513617157936,,0.085
188,188,SN2001eh,0.037036,0.92,0.06,Ia-99aa-like,0.0538,0.0819999999999999,0.0,0.9,1.3,0.0946558045434296,0.06,https://academic.oup.com/mnras/article/391/4/1605/1746876,,,,,0.0636041313409805,0.0054826193871981,0.06
189,189,SN2008hv,0.012549,1.133690173,0.074,Ia-norm,0.0279,0.0,0.0,1.9,0.7,0.078213090170247,0.0,https://iopscience.iop.org/article/10.3847/1538-4357/ab2a16/pdf,0.074,https://iopscience.iop.org/article/10.1088/0004-637X/789/1/32/pdf,,,0.031902227550745,-0.0512132000533789,0.074
190,190,SN2003ic,0.055672,1.306865353,0.07,Ia-norm,0.0322,0.2,0.0,,,,,,,,,,0.0376926138997077,,0.0
191,191,SN1998co,0.018072,1.434218922,0.07,Ia-norm,0.0363,0.0,0.0363,,,,,,,,,,0.0426875129342079,,0.0
192,192,SN2005na,0.026322,1.09,0.06,Ia-norm,0.0681,0.0,0.0,1.4,1.1,0.0226282640699451,0.048,https://iopscience.iop.org/article/10.1088/0004-637X/704/2/1036,0.0,https://iopscience.iop.org/article/10.3847/1538-4357/ab2a16/pdf,0.061,https://iopscience.iop.org/article/10.1088/0004-637X/789/1/32/pdf,0.0776914358139038,-0.0613019967576384,0.0
193,193,SN2003gn,0.03445,1.22,0.04,Ia-norm,0.042,0.0,0.042,,,,,,,,,,0.0497023873031139,,0.0
194,194,SN1997br,0.005961,1.09,0.06,Ia-91T,0.0967,0.0,0.0967,1.1,1.1,0.6449630523800187,0.35,https://arxiv.org/pdf/astro-ph/0611125.pdf,,,,,0.1129224449396133,0.5962638006781447,0.35
195,195,SN2005hk,0.012993,1.56,0.09,Iax,0.0193,0.112,0.0,1.1,1.4,0.1354606000538277,0.09,https://www.jstor.org/stable/pdf/10.1086/518372.pdf?refreqid=excelsior%3A91cbacb89203ebf27a3875fba7789e90&ab_segments=&origin=&initiator=&acceptTC=1,0.0,https://iopscience.iop.org/article/10.1088/0004-637X/767/1/57/pdf,,,0.0227426029741764,0.0548167632723597,0.09
196,196,SN2003K,0.021815,1.007220305,0.074,Ia-91T,0.0238,0.0,0.0238,,,0.1379226236936402,,,,,,,0.0275393538177013,0.0061624602512644,0.1379226236936402
197,197,SN2007ux,0.030915,1.74,0.07,Ia-norm,0.0386,0.14,0.0,0.4,1.5,0.0,,,,,,,0.0449475273489952,0.0491911685181918,0.0
198,198,SN2005eu,0.0349,0.89,0.06,Ia-norm,0.1126,0.0,0.1126,1.3,0.9,0.2303573474618352,,,,,,,0.1314605027437209,0.2122504156183993,0.2303573474618352
199,199,SN1999dk,0.01496,0.92447046,0.07,Ia-norm,0.0429,0.0,0.0429,1.3,1.1,0.1805484819551307,0.12,Jiawen,,,,,0.0503388866782188,0.0776740832780298,0.12
200,200,SN2001E,0.01926,0.92,0.06,Ia-norm,0.0333,0.0,0.0333,,,,,,,,,,0.0390013940632343,,0.0
201,201,SN2005al,0.012402,1.002930043,0.074,Ia-norm,0.0483,0.0,0.0483,,,,0.0,https://iopscience.iop.org/article/10.1088/0004-637X/704/2/1036,0.022,https://iopscience.iop.org/article/10.1088/0004-637X/789/1/32/pdf,,,0.0555513426661491,,0.0
202,202,SN2000fa,0.021275,1.0,0.06,Ia-norm,0.0558,0.239,0.0,1.3,1.0,0.1510759958308196,0.19,Jiawen,,,,,0.0671081990003585,0.0592658390490292,0.19
203,203,SN2007bz,0.021778,1.05,0.03,Ia-norm,0.0285,0.0,0.0285,1.6,0.9,0.2592288944628159,,,,,,,0.0336562022566795,0.1319151532514411,0.2592288944628159
204,204,SN2006je,0.037996,1.757466073,0.074,Ia-norm,0.0397,0.0,0.0397,,,,,,,,,,0.0461563877761364,,0.0
205,205,SN1996bo,0.017285,1.16,0.03,Ia-norm,0.0665,0.0,0.0665,,,,,,,,,,0.0772358626127243,,0.0
206,206,SN2000bk,0.025444,1.46,0.1,Ia-norm,0.0221,0.0,0.0221,,,,,,,,,,0.0259877368807792,,0.0
207,207,SN2007co,0.026962,1.16,0.03,Ia-norm,0.0964,0.34,0.0,1.1,1.1,0.149741781297876,0.208,https://iopscience.iop.org/article/10.3847/1538-4357/ab2a16/pdf,,,,,0.1131924390792846,0.1022884961369356,0.208
208,208,SN1998ab,0.027132,1.04,0.06,Ia-91T,0.0145,0.177,0.0,1.3,1.1,0.24734786417145,0.1,Jiawen,,,,,0.0169506110250949,0.1036289041297422,0.1
209,209,SN2005ke,0.00488,1.82,0.05,Ia-91bg,0.02,0.064,0.0,1.7,1.1,0.0,0.263,https://arxiv.org/pdf/1702.06585.pdf,,,,,0.0245639942586422,0.6583377567223465,0.263
210,210,SN2008Q,0.0081,1.25,0.08,Ia-norm,0.0716,0.0,0.0716,1.0,1.2,0.1475634298871898,,,,,,,0.0827569887042045,0.0748878935665402,0.1475634298871898
211,211,SN2003ai,0.036177,1.000358505,0.074,Ia-norm,0.0127,0.0,0.0127,1.1,1.1,0.1263370520203703,,,,,,,0.0146084250882267,-0.017992480378421,0.1263370520203703
212,212,SN2005dv,0.010404,1.821751136,0.07,Ia-norm,0.0159,0.0,0.0159,2.0,1.5,0.0,,,,,,,0.0189206898212432,0.7641429926531167,0.0
213,213,SN2004ef,0.030985,1.39,0.04,Ia-norm,0.0458,0.2,0.0,2.0,0.8,0.093350449427056,0.157,https://iopscience.iop.org/article/10.1088/0004-637X/704/2/1036,0.116,https://iopscience.iop.org/article/10.3847/1538-4357/ab2a16/pdf,0.158,https://iopscience.iop.org/article/10.1088/0004-637X/789/1/32/pdf,0.0549170300364494,0.0097963244966123,0.116
214,214,SN1999gd,0.018509,1.18,0.05,Ia-norm,0.0354,0.541,0.0,,,,0.45,https://academic.oup.com/mnras/article/479/3/3663/5040246,,,,,0.0411139018833637,,0.45
215,215,SN2006al,0.067849,1.35,0.07,Ia-norm,0.0221,0.0,0.0,,,,,,,,,,0.0256513375788927,,0.0
216,216,SN2003fa,0.040388,0.8,0.05,Ia-99aa-like,0.0334,0.059,0.0,1.1,0.9,0.0237440323778709,,,,,,,0.0391702353954315,-0.0740553120690314,0.0237440323778709
217,217,SN2000dn,0.032065,1.04,0.04,Ia-norm,0.0409,0.0,0.0409,1.1,1.1,0.0697719243530464,0.08,Jiawen,,,,,0.0479691438376903,-0.0429285028760659,0.08
218,218,SN2006bh,0.010847,1.391299069,0.074,Ia-norm,0.0227,0.0,0.0227,,,,0.016,https://iopscience.iop.org/article/10.1088/0004-637X/704/2/1036,0.0,https://iopscience.iop.org/article/10.3847/1538-4357/ab2a16/pdf,0.037,https://iopscience.iop.org/article/10.1088/0004-637X/789/1/32/pdf,0.0265839323401451,,0.016
219,219,SN2001fh,0.01299,1.51,0.08,Ia-norm,0.6394,0.0,0.6394,1.7,1.1,-0.1444711020652689,,,,,,,0.7463582754135132,0.4865320316634189,-0.1444711020652689
220,220,SN2006ot,0.0531,0.84,0.05,Ia-norm,0.0151,0.0,0.0151,1.2,1.0,0.1819573778806205,,,,,,,0.0176899638026952,0.0565290565089462,0.1819573778806205
221,221,SN2002de,0.028116,0.96,0.04,Ia-norm,0.0144,0.239,0.0,1.4,1.0,0.4135437694307441,,,,,,,0.0194630529731512,0.2767192257907567,0.4135437694307441
222,222,SN2003kf,0.007388,1.1,0.05,Ia-norm,0.2687,0.386,0.0,1.7,1.0,0.0852895442800394,,,,,,,0.3125289976596832,0.2361713429047576,0.0852895442800394
223,223,SN2004as,0.031021,0.92,0.08,Ia-norm,0.0132,0.195,0.0,1.3,1.1,0.1592196068836502,,,,,,,0.0153225809335708,0.0217648713200091,0.1592196068836502
224,224,SN2012fr,0.005457,0.85,0.0,Ia-norm,0.0177,0.0,0.0177,,,0.2182623271303468,0.01,https://iopscience.iop.org/article/10.1088/0004-6256/148/1/1/pdf,,,,,0.0204045306891202,0.0941488098121254,0.01
225,225,SN2005iq,0.034043,1.19,0.06,Ia-norm,0.0186,0.2,0.0,,,,0.005,https://iopscience.iop.org/article/10.1088/0004-637X/704/2/1036,0.0,https://iopscience.iop.org/article/10.3847/1538-4357/ab2a16/pdf,0.04,https://iopscience.iop.org/article/10.1088/0004-637X/789/1/32/pdf,0.0221006125211715,,0.005
226,226,SN1990Y,0.039034,1.025792678,0.074,Ia-norm,0.0069,0.0,0.0069,,,,,,,,,,0.0082334270700812,,0.0
227,227,SN1996ab,0.13,1.01,0.07,Ia-norm,0.0274,0.0,0.0274,,,,,,,,,,0.0322625301778316,,0.0
228,228,SN2002er,0.008569,1.23,0.03,Ia-norm,0.1376,0.0,0.1376,1.2,1.1,0.2665527321759777,,,,,,,0.1605164408683776,0.2700933053348748,0.2665527321759777
229,229,SN2002jy,0.0196,0.88,0.06,Ia-norm,0.045,0.114,0.0,1.1,1.1,0.1160915800100053,,,,,,,0.0530391186475753,0.0207431602857717,0.1160915800100053
230,230,SN2002es,0.02843,1.3592957019999998,0.07,Ia-pec,0.1552,0.0,0.1552,0.3,2.0,0.3325619742612964,0.0,https://arxiv.org/pdf/1202.3140.pdf,,,,,0.1802745759487152,0.3697229082506332,0.0
231,231,SN2011iv,0.0065,1.69,0.0,Ia-norm,0.0098,0.0,0.01,1.7,1.0,0.0528908884756032,0.01,https://arxiv.org/pdf/1707.03823.pdf,,,,,0.0113998707383871,-0.0015429308309826,0.01
232,232,SN2002ef,0.023977,1.06,0.04,Ia-norm,0.0251,0.0,0.0251,,,,,,,,,,0.032260563224554,,0.0
233,233,SN2000dm,0.0150699999999999,1.46,0.04,Ia-norm,0.1606,0.0,0.1606,1.6,0.9,0.0006184869440113,,,,,,,0.1851309984922409,0.0598003860983666,0.0006184869440113
234,234,SN2005lu,0.032009,0.74,0.05,Ia-norm,0.0218,0.0,0.0218,0.2,0.2,0.3484321787595478,0.324,https://iopscience.iop.org/article/10.3847/1538-4357/ab2a16/pdf,0.247,https://iopscience.iop.org/article/10.1088/0004-637X/789/1/32/pdf,,,0.0255164336413145,0.2478510131332996,0.324
235,235,SN2006em,0.019233,1.5,0.15,Ia-91bg,0.0513,0.0,0.0513,,,,,,,,,,0.0590296685695648,,0.0
236,236,SN2006az,0.030935,1.29,0.03,Ia-norm,0.0111,0.0,0.0111,1.1,1.7,0.1743031709033468,,,,,,,0.0138743678107857,0.0364914673582283,0.1743031709033468
237,237,SN1999cl,0.007609,1.17,0.06,Ia-norm,0.0325,1.328,0.0,1.4,0.7,1.210383093796611,1.08,https://academic.oup.com/mnras/article/479/3/3663/5040246,,,,,0.0379911288619041,1.0880878290883906,1.08
238,238,SN2008bf,0.0246,1.05,0.04,Ia-norm,0.0296,0.093,0.0,1.1,1.1,0.0642492657339815,0.0,https://iopscience.iop.org/article/10.3847/1538-4357/ab2a16/pdf,,,,,0.0345489419996738,-0.0621717357343989,0.0
239,239,SN2005kc,0.0151199999999999,1.24,0.04,Ia-norm,0.1136,0.2,0.0,1.1,1.1,0.2744689137625763,0.267,https://iopscience.iop.org/article/10.1088/0004-637X/704/2/1036,0.35,https://iopscience.iop.org/article/10.3847/1538-4357/ab2a16/pdf,0.31,https://iopscience.iop.org/article/10.1088/0004-637X/789/1/32/pdf,0.1321102827787399,0.2503475101269927,0.267
240,240,SN1996ai,0.003156,0.88,0.06,Ia-norm,0.0122,0.0,0.0122,,,,1.69,https://arxiv.org/pdf/1905.11516.pdf,,,,,0.0141143826767802,,1.69
241,241,SN2002do,0.015881,1.56,0.08,Ia-norm,0.2703,0.0,0.2703,,,,,,,,,,0.3137614130973816,,0.0
242,242,SN2008A,0.016428,1.28,0.09,Iax,0.0427,0.0,0.0427,0.6,1.5,0.289225380844672,0.2,https://iopscience.iop.org/article/10.1088/0004-637X/767/1/57/pdf,,,,,0.0542675666511058,0.1907877907891801,0.2
243,243,SN1993ae,0.019667,1.261106143,0.074,Ia-norm,0.0334,0.0,0.0334,0.2,1.0,0.0537623848894294,,,,,,,0.0389841012656688,-0.0617340395406635,0.0537623848894294
244,244,SN1999by,0.002128,1.97,0.04,Ia-91bg,0.0134,0.036,0.0,1.3,1.1,0.0,0.02,https://arxiv.org/pdf/1702.06585.pdf,,,,,0.0157132279127836,0.4886510436667208,0.02
245,245,SN2003iv,0.034307,1.65,0.07,Ia-norm,0.1184,0.143,0.0,1.0,1.2,-0.1688959045492605,,,,,,,0.1371068656444549,-0.1101673166114984,-0.1688959045492605
246,246,SN2005el,0.01491,1.27,0.05,Ia-norm,0.0976,0.124,0.0,1.7,0.9,0.038843359705625,0.0,https://iopscience.iop.org/article/10.1088/0004-637X/704/2/1036,0.015,https://iopscience.iop.org/article/10.1088/0004-637X/789/1/32/pdf,,,0.1140507310628891,-0.0007751697608746,0.015
247,247,SN2001G,0.01677,1.025465792,0.07,Ia-norm,0.0135,0.0,0.0135,1.0,1.1,0.0876545483186881,,,,,,,0.0156814344227314,-0.0567990082439386,0.0876545483186881
248,248,SN2004bg,0.021035,1.05,0.09,Ia-norm,0.019,0.062,0.0,1.0,1.1,0.0717042848980512,,,,,,,0.0220581945031881,-0.0672074640668149,0.0717042848980512
249,249,SN2005mc,0.025221,1.63,0.05,Ia-norm,0.0379,0.2,0.0,1.9,1.5,0.5945754563604906,0.212,https://iopscience.iop.org/article/10.1088/0004-637X/789/1/32/pdf,,,,,0.0436230301856994,0.5538778851738861,0.212
250,250,SN2006X,0.00524,1.18,0.03,Ia-norm,0.0228,1.496,0.0,1.4,0.8,1.444657530643536,1.36,https://iopscience.iop.org/article/10.1088/0004-637X/789/1/32/pdf,1.24,https://academic.oup.com/mnras/article/479/3/3663/5040246,,,0.026224935427308,1.3110103807563505,1.36
251,251,SN1998aq,0.003699,1.11,0.04,Ia-norm,0.0122,0.024,0.0,1.6,1.1,0.0626196318976668,0.01,https://iopscience.iop.org/article/10.1086/512054/pdf,,,,,0.0141180241480469,-0.0848800703059815,0.01
252,252,SN2001fe,0.013539,1.0,0.07,Ia-norm,0.0185,0.0819999999999999,0.0,1.1,1.2,0.1372328042797871,,,,,,,0.0224282573908567,0.000742705888495,0.1372328042797871
253,253,SN2006cp,0.022289,0.98,0.09,Ia-norm,0.0223,0.288,0.0,1.1,1.1,0.1493717814667897,0.134,https://iopscience.iop.org/article/10.3847/1538-4357/ab2a16/pdf,,,,,0.0264270603656768,0.0180859240828681,0.134
254,254,SN2007le,0.006721,1.01,0.03,Ia-norm,0.0334,0.0,0.0334,1.0,1.0,0.3826762745264691,0.379,https://iopscience.iop.org/article/10.3847/1538-4357/ab2a16/pdf,0.388,https://iopscience.iop.org/article/10.1088/0004-637X/789/1/32/pdf,0.34,https://academic.oup.com/mnras/article/479/3/3663/5040246,0.0334388762712478,0.2566765330592524,0.379
255,255,SN1998dm,0.0065349999999999,0.9,0.03,Ia-norm,0.0385,0.434,0.0,1.2,1.1,0.3057761844759631,0.33,Jiawen,0.35,https://academic.oup.com/mnras/article/479/3/3663/5040246,,,0.0453681498765945,0.2004519711004526,0.33
256,256,SN2002aw,0.026145,1.05,0.06,Ia-norm,0.0059,0.0,0.0059,1.8,0.8,0.2510327636155843,,,,,,,0.0069347638636827,0.0969975840112127,0.2510327636155843
257,257,SN2004at,0.023131,1.05,0.03,Ia-norm,0.0094,0.0,0.0094,,,,,,,,,,0.0118857519701123,,0.0
258,258,SN2006le,0.017432,0.88,0.03,Ia-norm,0.351,0.452,0.0,1.5,0.9,-0.0144104568952822,,,,,,,0.4487457573413849,0.2859477620742936,-0.0144104568952822
259,259,SN2002cd,0.010344,0.84,0.05,Ia-norm,0.3501,1.008,0.0,,,,0.7,https://academic.oup.com/mnras/article/479/3/3663/5040246,,,,,0.4053798019886017,,0.7
260,260,SN2006hx,0.045494,1.052732499,0.074,Ia-norm,0.0256,0.0,0.0256,1.7,1.1,0.5777641692114996,0.21,https://iopscience.iop.org/article/10.1088/0004-637X/789/1/32/pdf,,,,,0.0299958381801843,0.4467175502063156,0.21
261,261,SN1997bp,0.008312,1.08,0.06,Ia-norm,0.0384,0.0,0.0384,2.0,0.7,0.3605252347329613,,,,,,,0.044286374002695,0.2432703892059962,0.3605252347329613
262,262,SN2004gc,0.032089,1.08,0.05,Ia-norm,0.1781,0.0,0.1781,1.2,1.1,0.0511960858789424,0.242,https://iopscience.iop.org/article/10.1088/0004-637X/789/1/32/pdf,,,,,0.20607890188694,0.0957337682362222,0.242
263,263,SN2006ev,0.028733,1.32,0.05,Ia-norm,0.0759,0.0,0.0759,1.1,1.1,0.219845127532345,0.199,https://iopscience.iop.org/article/10.1088/0004-637X/789/1/32/pdf,,,,,0.0900719389319419,0.161618143911852,0.199
264,264,SN1998dx,0.054224,1.32,0.07,Ia-norm,0.0356,0.0,0.0356,1.0,1.2,0.0211371831018106,0.03,https://iopscience.iop.org/article/10.1086/512054/pdf,,,,,0.0404000952839851,-0.0867616441666392,0.03
265,265,SN2001ck,0.034717,1.05,0.05,Ia-norm,0.011,0.0,0.011,1.2,1.1,0.1465343778265342,,,,,,,0.0126744545996189,-0.0017611110419011,0.1465343778265342
266,266,SN2006ha,0.030654,1.368581946,0.074,Ia-norm,0.0385,0.0,0.0385,,,,,,,,,,0.0447334684431552,,0.0
267,267,SN1995bd,0.0146,0.94,0.04,Ia-norm,0.4202,0.0,0.4202,,,,,,,,,,0.4899593591690064,,0.0
268,268,SN2001ah,0.057756,0.98,0.08,Ia-norm,0.0106,0.0,0.0106,,,,,,,,,,0.012877520173788,,0.0
269,269,SN2003kc,0.033176,1.140199861,0.074,Ia-norm,0.0163,0.0,0.0163,,,,,,,,,,0.0204293970018625,,0.0
270,270,SN1995ak,0.022719,1.25,0.07,Ia-norm,0.0326,0.0,0.0326,,,,,,,,,,0.0379053875803947,,0.0
271,271,SN2007N,0.01287891,1.874690474,0.07,Ia-91bg,0.0343,0.0,0.0343,,,,0.35,https://arxiv.org/pdf/1702.06585.pdf,,,,,0.0403105653822422,,0.35
272,272,SN2000E,0.00475,1.09,0.05,Ia-norm,0.3168,0.0,0.3168,0.8,0.9,-0.1057097891729434,0.217,https://iopscience.iop.org/article/10.3847/1538-4357/ab2a16/pdf,,,,,0.3719294369220733,0.1045979511076424,0.217
273,273,SN1998dk,0.013219,1.05,0.1,Ia-norm,0.0386,0.14,0.0,1.5,0.7,0.2385536075911083,,,,,,,0.0448636263608932,0.1224472904839473,0.2385536075911083
274,274,SN2005mz,0.017559,1.83,0.05,Ia-norm,0.1399,0.3229999999999999,0.0,,,,,,,,,,0.1628632396459579,,0.0
275,275,SN2011by,0.002843,1.14,0.0,Ia-norm,0.0119,0.0,0.013,1.1,1.1,0.0923268547475859,0.067,https://iopscience.iop.org/article/10.3847/1538-4357/ab2a16/pdf,,,,,0.0139559637755155,-0.054916635734326,0.067
276,276,SN2006mp,0.026998678,1.026273553,0.07,Ia-99aa-like,0.0303,0.16,0.0,1.7,0.7,0.1344552053352101,,,,,,,0.0352239236235618,0.0095113802671349,0.1344552053352101
277,277,SN2002ha,0.0144,1.22,0.04,Ia-norm,0.0852,0.0,0.0,1.1,1.1,0.1021508446900357,,,,,,,0.1022261008620262,0.0467118762833393,0.1021508446900357
278,278,SN1997do,0.01012,0.94,0.05,Ia-norm,0.0534,0.213,0.0,1.2,0.8,0.1573804634822407,,,,,,,0.0617491193115711,0.0644871875538619,0.1573804634822407
279,279,SN1999ek,0.017522,1.14,0.03,Ia-norm,0.4794,0.0,0.4794,,,,0.277,https://iopscience.iop.org/article/10.3847/1538-4357/ab2a16/pdf,,,,,0.5681278109550476,,0.277
280,280,SN1995D,0.006561,1.05,0.03,Ia-norm,0.0484,0.0,0.0484,1.4,0.9,0.016617084629815,,,,,,,0.0570964626967907,-0.0872563961414485,0.016617084629815
281,281,SN2006ef,0.017902,1.201191665,0.07,Ia-norm,0.0201,0.18,0.0,1.2,1.0,0.1139420144526286,0.035,https://iopscience.iop.org/article/10.1088/0004-637X/789/1/32/pdf,,,,,0.0237543899565935,-0.0211159892713084,0.035
282,282,SN2006ak,0.0381,1.22,0.08,Ia-norm,0.0271,0.0,0.0271,1.2,1.1,0.2144215242287211,,,,,,,0.0328574664890766,0.0896139214490752,0.2144215242287211
283,283,SN2005bg,0.023086,1.06633512,0.074,Ia-norm,0.0264,0.0,0.0264,,,,0.078,https://iopscience.iop.org/article/10.1088/0004-637X/789/1/32/pdf,,,,,0.0321013666689395,,0.078
284,284,SN2005ms,0.025204,1.021422082,0.07,Ia-norm,0.029,0.0,0.029,1.1,1.1,0.1440670416703875,,,,,,,0.0339259542524814,0.0180273846083203,0.1440670416703875
285,285,SN1997Y,0.0158659999999999,1.15,0.09,Ia-norm,0.0142,0.0,0.0142,1.3,0.9,0.0996500306452617,,,,,,,0.0166635494679212,-0.0446364975700106,0.0996500306452617
286,286,SN2006ej,0.020452,1.266591743,0.07,Ia-norm,0.0296,0.2,0.0,1.2,1.0,0.1169225447255105,0.016,https://iopscience.iop.org/article/10.3847/1538-4357/ab2a16/pdf,0.059,https://iopscience.iop.org/article/10.1088/0004-637X/789/1/32/pdf,,,0.0351349525153636,-0.0019277917673612,0.059
287,287,SN1994T,0.034656,1.51,0.08,Ia-norm,0.0253,0.0,0.0253,1.8,0.6,,,,,,,,0.0240010395646095,,0.0
288,288,SN2004dt,0.01973,1.14,0.04,Ia-norm,0.0212,0.0,0.0212,0.9,1.2,0.1429019851390687,0.0,https://www.aanda.org/articles/aa/pdf/2007/44/aa7487-07.pdf,,,,,0.0265405178070068,0.008243048688648,0.0
289,289,SN2007jg,0.037131,1.17,0.05,Ia-norm,0.0904,0.0,0.0904,2.0,0.9,0.1259220458163517,0.15,https://iopscience.iop.org/article/10.3847/1538-4357/ab2a16/pdf,0.108,https://iopscience.iop.org/article/10.1088/0004-637X/789/1/32/pdf,,,0.1061387285590171,0.0717743808052446,0.108
290,290,SN2007on,0.006494493,1.641064228,0.074,Ia-norm,0.0098,0.0,0.0098,1.1,1.1,0.060201713305256,0.0,https://arxiv.org/pdf/1702.06585.pdf,,,,,0.0115299904718995,-0.0093287221939348,0.0
291,291,SN1995E,0.011575,1.16,0.05,Ia-norm,0.0229,0.0,0.0229,1.3,1.1,0.8574085018134128,0.77,https://academic.oup.com/mnras/article/479/3/3663/5040246,,,,,0.0265007726848125,0.7232635502580003,0.77
292,292,SN2007ba,0.038513,1.89,0.05,Ia-91bg,0.0315,0.0,0.0315,0.8,1.4,0.0,0.15,https://arxiv.org/pdf/1702.06585.pdf,,,,,0.0367185175418853,0.2495883337222544,0.15
293,293,SN2003hv,0.005624,1.31,0.05,Ia-norm,0.0133,0.0,0.0133,1.6,0.9,0.0783851491687587,0.0,https://iopscience.iop.org/article/10.3847/1538-4357/ab2a16/pdf,,,,,0.015268450602889,-0.0558293548655726,0.0
294,294,SN2002cx,0.023963,1.51,0.09,Iax,0.0278,0.032,0.0,,,,0.05,https://iopscience.iop.org/article/10.1088/0004-637X/767/1/57/pdf,,,,,0.0322704017162323,,0.05
295,295,SN1994M,0.0232,1.26,0.06,Ia-norm,0.0199,0.18,0.0,1.4,1.1,0.1830271068494239,,,,,,,0.0227888133376836,0.0512375370044324,0.1830271068494239
296,296,SN1999cw,0.012372,0.94,0.05,Ia-norm,0.0296,0.0,0.0296,1.1,1.1,0.0124803238061337,0.05,https://arxiv.org/pdf/astro-ph/0410476.pdf,,,,,0.0358486995100975,-0.1063133719237185,0.05
297,297,SN2017cbv,0.00399,1.06,0.0,Ia-norm,0.1452,0.0,0.1452,1.6,0.7,-0.114368475904703,0.0,https://arxiv.org/pdf/1706.08990.pdf,,,,,0.1687379777431488,-0.1068458407461001,0.0
298,298,SN2002bf,0.024197,1.12,0.08,Ia-norm,0.0092,0.18,0.0,,,,,,,,,,0.0112043917179107,,0.0
299,299,SN1998ef,0.0177419999999999,1.27,0.07,Ia-norm,0.0631,0.2,0.0,1.0,0.9,-0.0639898241840397,,,,,,,0.0736980438232421,-0.1439610408901863,-0.0639898241840397
300,300,SN2006gt,0.044771,1.66,0.05,Ia-91bg,0.0323,0.0,0.0323,0.7,1.5,0.1843886768870796,0.04,https://arxiv.org/pdf/1702.06585.pdf,,,,,0.0372507348656654,0.1463147878825736,0.04
301,301,SN2007ae,0.064387,0.98,0.06,Ia-norm,0.0386,0.0,0.0,,,,,,,,,,0.0448010712862014,,0.0
302,302,SN1999cp,0.00948,0.98,0.07,Ia-norm,0.0212,0.0,0.0212,1.1,1.1,0.0720619420096533,0.04,Jiawen,,,,,0.0245564766228199,-0.0610944991171251,0.04
303,303,SN2006kf,0.021301,1.55,0.03,Ia-norm,0.2097,0.0,0.2097,1.6,0.9,-0.0635391394008375,0.0069999999999999,https://iopscience.iop.org/article/10.3847/1538-4357/ab2a16/pdf,0.032,https://iopscience.iop.org/article/10.1088/0004-637X/789/1/32/pdf,,,0.2455293089151382,0.0761000076803455,0.0069999999999999
304,304,SN2003gq,0.021448,1.69,0.19,Iax,0.06,0.0,0.06,,,,0.4,https://iopscience.iop.org/article/10.1088/0004-637X/767/1/57/pdf,,,,,0.0693443343043327,,0.4
305,305,SN2003ae,0.032857,1.210128557,0.074,Ia-norm,0.0204,0.0,0.0,,,,,,,,,,0.0243308376520872,,0.0
306,306,SN2007A,0.0171,0.95,0.05,Ia-norm,0.0631,0.04,0.0,1.1,1.1,0.2092717259657148,0.225,https://iopscience.iop.org/article/10.3847/1538-4357/ab2a16/pdf,0.259,https://iopscience.iop.org/article/10.1088/0004-637X/789/1/32/pdf,,,0.0737100690603256,0.1274893142491038,0.225
307,307,SN1994ae,0.004266,0.96,0.04,Ia-norm,0.0262,0.0,0.0262,1.2,1.1,0.1062452222553446,,,,,,,0.0307092405855655,-0.0193331337722284,0.1062452222553446
308,308,SN2001bg,0.007122,1.06,0.03,Ia-norm,0.0338,0.0,0.0338,1.2,1.1,0.2480976739623965,,,,,,,0.0391681231558322,0.1260504545336829,0.2480976739623965
309,309,ASASSN-14lp,0.0051,0.8,0.01,Ia-norm,0.0213,0.32,0.022,1.3,0.7,0.1689896399233223,0.33,https://iopscience.iop.org/article/10.3847/0004-637X/826/2/144/pdf,,,,,0.0247724037617445,0.0567924638427328,0.33
310,310,SN1998de,0.016471,1.88,0.05,Ia-norm,0.0495,0.139,0.0,,,,,,,,,,0.0593551211059093,,0.0
311,311,SN2000cx,0.0081,0.99,0.02,Ia-pec,0.0698,0.083,0.0,1.5,1.1,0.1246151737186981,0.0,https://academic.oup.com/mnras/article/436/2/1225/1127597,,,,,0.081530325114727,0.0478023765003641,0.0
312,312,SN2006ac,0.023106,1.2,0.03,Ia-norm,0.0136,0.04,0.0,1.1,1.1,0.2766225258385125,0.066,https://iopscience.iop.org/article/10.3847/1538-4357/ab2a16/pdf,,,,,0.0157220661640167,0.1334660573894766,0.066
313,313,SN1981B,0.006031,1.056649558,0.074,Ia-norm,0.0157,0.0,0.0157,1.2,1.1,0.1930787388139914,0.11,https://www.jstor.org/stable/pdf/40678120.pdf?refreqid=excelsior%3A6fcd3a834aa6a5f1eb6b09f2a7c35340&ab_segments=&origin=&initiator=&acceptTC=1,,,,,0.0182732194662094,0.0502127114865409,0.11
314,314,SN1998bu,0.002992,1.03,0.02,Ia-norm,0.0217,0.395,0.0,1.0,1.1,0.3083461130058504,0.351,https://iopscience.iop.org/article/10.3847/1538-4357/ab2a16/pdf,0.38,https://academic.oup.com/mnras/article/479/3/3663/5040246,,,0.0251805856823921,0.1732124729490536,0.351
315,315,SN2006ax,0.0167389999999999,1.06,0.03,Ia-norm,0.041,0.0,0.041,1.4,1.0,0.0123313165113234,0.009,https://iopscience.iop.org/article/10.1088/0004-637X/704/2/1036,0.0,https://iopscience.iop.org/article/10.3847/1538-4357/ab2a16/pdf,0.016,https://iopscience.iop.org/article/10.1088/0004-637X/789/1/32/pdf,0.0502789095044136,-0.0986051165688088,0.009
316,316,SN2003U,0.028341,1.46,0.1,Ia-norm,0.0242,0.0,0.0,1.3,0.8,0.1201202285759118,,,,,,,0.0296379495412111,0.0238090787792373,0.1201202285759118
317,317,SN1990O,0.030664,0.987955962,0.07,Ia-norm,0.0807,0.0,0.0807,,,,,,,,,,0.0951425060629844,,0.0
318,318,SN1990N,0.003395,0.943599628,0.074,Ia-norm,0.0223,0.0,0.0223,,,,,,,,,,0.0259076859802007,,0.0
319,319,SN1999cc,0.0313279999999999,1.35,0.06,Ia-norm,0.0174,0.2,0.0,,,,,,,,,,0.0227829441428184,,0.0
320,320,SN2007qe,0.02,1.03,0.04,Ia-norm,0.0332,0.0,0.0332,1.2,0.9,0.1100747805039044,0.069,https://iopscience.iop.org/article/10.3847/1538-4357/ab2a16/pdf,,,,,0.0383102484047412,-0.0119291968305432,0.069
321,321,SN2004L,0.032346,1.12,0.07,Ia-norm,0.0268,0.0,0.0,,,,,,,,,,0.031839046627283,,0.0
322,322,SN1999da,0.012695,1.9,0.05,Ia-91bg,0.0449,0.0,0.0449,1.3,1.1,0.0,,,,,,,0.0514083802700042,0.6342228837895085,0.0
323,323,SN2005be,0.035,1.49,0.05,Ia-norm,0.0294,0.2,0.0,1.0,1.2,0.0733348162349334,0.0,https://iopscience.iop.org/article/10.1088/0004-637X/789/1/32/pdf,,,,,0.0340029969811439,-0.0124198783343238,0.0
324,324,SN2005am,0.007899,1.3,0.05,Ia-norm,0.0433,0.074,0.0,1.2,1.1,0.1437944379711975,0.053,https://iopscience.iop.org/article/10.1088/0004-637X/789/1/32/pdf,,,,,0.0536327548325061,0.0468151886847927,0.053
325,325,SN2008R,0.0135,1.54,0.05,Ia-norm,0.0618,0.0,0.0618,1.5,1.1,0.0870115630677786,0.009,https://arxiv.org/pdf/1702.06585.pdf,,,,,0.0721172466874122,0.0507899170475596,0.009
326,326,SN2006td,0.01588,1.379582116,0.07,Ia-norm,0.076,0.1,0.0,,,,,,,,,,0.0883846133947372,,0.0
327,327,SN2006mo,0.037002,1.565199499,0.07,Ia-norm,0.0383,0.18,0.0,,,,,,,,,,0.0445803068578243,,0.0
328,328,SN2006is,0.031421,0.852109517,0.07,Ia-norm,0.029,0.0,0.029,1.4,0.2,0.130868508318206,0.0,https://iopscience.iop.org/article/10.1088/0004-637X/789/1/32/pdf,,,,,0.0336809232831001,0.0197431218437351,0.0
329,329,SN2005cf,0.006461,1.1,0.03,Ia-norm,0.0841,0.218,0.0,1.4,0.9,0.087789800692777,0.088,https://iopscience.iop.org/article/10.3847/1538-4357/ab2a16/pdf,,,,,0.0974162369966507,0.0235588386544627,0.088
330,330,SN2007ax,0.006878,1.87,0.05,Ia-91bg,0.0446,0.204,0.0,1.0,1.9,0.0,0.213,https://arxiv.org/pdf/1702.06585.pdf,,,,,0.0538019649684429,0.7402329903094191,0.213
331,331,SN2003cg,0.00413,1.26,0.05,Ia-norm,0.0265,1.331,0.0,1.1,1.1,1.3553064237066947,1.27,https://academic.oup.com/mnras/article/479/3/3663/5040246,,,,,0.0309054274111986,1.231633467935218,1.27
332,332,SN2003du,0.006384,1.07,0.06,Ia-norm,0.0081,0.03,0.0,1.1,1.1,0.0506792786752308,0.0,https://iopscience.iop.org/article/10.3847/1538-4357/ab2a16/pdf,,,,,0.0100219175219535,-0.100704571860696,0.0
333,333,SN1999gp,0.026745,0.87,0.04,Ia-norm,0.0472,0.0,0.0472,,,,,,,,,,0.0558997876942157,,0.0
334,334,SN2001br,0.020628,1.16,0.04,Ia-norm,0.0557,0.0,0.0557,1.4,0.9,0.2799747210082685,,,,,,,0.0645783245563507,0.1839073213243942,0.2799747210082685
335,335,SN1993ac,0.049,1.19,0.1,Ia-norm,0.1409,0.0,0.1409,,,,,,,,,,0.1616462767124176,,0.0
336,336,SN2000B,0.019827,1.46,0.05,Ia-norm,0.0579,0.18,0.0,,,,,,,,,,0.0688181966543197,,0.0
337,337,SN2007au,0.020584,1.69,0.05,Ia-norm,0.0584,0.0,0.0584,2.0,0.7,0.1731639191915246,,,,,,,0.0671006515622139,0.1744308807087655,0.1731639191915246
338,338,SN2007jh,0.040796,1.7585466180000002,0.074,Ia-86G-like,0.0902,0.0,0.0902,,,,0.1689999999999999,https://iopscience.iop.org/article/10.1088/0004-637X/789/1/32/pdf,,,,,0.1036054193973541,,0.1689999999999999
339,339,SN2008fp,0.005664,0.979300806,0.074,Ia-norm,0.1686,0.0,0.1686,1.7,0.5,0.4839908858899758,0.578,https://iopscience.iop.org/article/10.1088/0004-637X/789/1/32/pdf,0.53,https://academic.oup.com/mnras/article/479/3/3663/5040246,,,0.1961087733507156,0.5224328611518736,0.53
340,340,SN2006ob,0.059239,1.5602525859999998,0.07,Ia-norm,0.0285,0.0,0.0,,,,0.045,https://iopscience.iop.org/article/10.1088/0004-637X/789/1/32/pdf,,,,,0.0331176072359085,,0.045
341,341,SN1999X,0.025171,1.11,0.08,Ia-norm,0.0272,0.12,0.0,,,,,,,,,,0.0318233855068683,,0.0
342,342,SN2006py,0.0579,1.147860366,0.074,Ia-norm,0.0518,0.0,0.0518,0.2,1.4,0.334206407388834,0.142,https://iopscience.iop.org/article/10.1088/0004-637X/704/2/1036,0.154,https://iopscience.iop.org/article/10.1088/0004-637X/789/1/32/pdf,,,0.0601210072636604,0.2333193564326912,0.154
343,343,SN2007S,0.0139,0.94,0.03,Ia-91T,0.0224,0.518,0.0,1.2,1.0,0.5016574722653073,0.478,https://iopscience.iop.org/article/10.1088/0004-637X/789/1/32/pdf,0.42,https://academic.oup.com/mnras/article/479/3/3663/5040246,,,0.0278109293431043,0.3748260063684618,0.478
344,344,SN2007O,0.036212,1.136139751,0.07,Ia-norm,0.0182,0.04,0.0,,,,,,,,,,0.0231423154473304,,0.0
345,345,SN2012ht,0.003559,1.39,0.0,Ia-norm,0.0252,0.0,0.0252,1.2,1.1,0.0736077500169538,,,,,,,0.0292586088180542,-0.035604796131885,0.0736077500169538
346,346,SN2007al,0.012175,1.89,0.05,Ia-91bg,0.036,0.172,0.0,,,,,,,,,,0.0420097783207893,,0.0
